,Symbol,Series,Date,Prev Close,Open Price,High Price,Low Price,Last Price,Close Price,Average Price,Total Traded Quantity,Turnover,No. of Trades,Deliverable Qty,% Dly Qt to Traded Qty,Month,Year,VWAP,Day_Perc_Change,Trend
0,INFRATEL,EQ,15-May-2017,374.7,375.8,375.8,368.65,372.0,371.05,371.08,761032,282404441.4,27740,357531,46.98,5,2017,371.05,0.0,Slight or No change
1,INFRATEL,EQ,16-May-2017,371.05,371.15,380.85,370.05,375.75,376.55,377.05,1346372,507645858.5,42924,677288,50.3,5,2017,374.5638236427377,0.014822800161703231,Slight or No change
2,INFRATEL,EQ,17-May-2017,376.55,377.6,396.5,375.1,388.95,389.9,383.22,2268036,869162931.1,83975,1371275,60.46,5,2017,382.5134241584846,0.035453459035984514,Slight or No change
3,INFRATEL,EQ,18-May-2017,389.9,388.4,388.85,377.0,378.55,378.9,382.6,2014628,770791008.2,50270,1025637,50.91,5,2017,381.37420224636105,-0.02821236214413958,Slight or No change
4,INFRATEL,EQ,19-May-2017,378.9,381.1,387.5,374.85,379.4,378.95,379.43,2031322,770752524.35,63099,1020560,50.24,5,2017,380.7894608490997,0.00013196093956202581,Slight or No change
5,INFRATEL,EQ,22-May-2017,378.95,383.7,389.3,376.15,388.2,387.95,385.56,2772691,1069052134.0,73071,1228540,44.31,5,2017,382.5630733911966,0.02374983507058981,Slight or No change
6,INFRATEL,EQ,23-May-2017,387.95,385.0,390.0,378.4,379.9,379.85,382.84,3811223,1459070783.7,60957,2039492,53.51,5,2017,381.8739752090327,-0.02087897924990323,Slight or No change
7,INFRATEL,EQ,24-May-2017,379.85,379.85,382.0,367.2,368.45,369.0,372.49,3134390,1167520763.55,83856,1860115,59.35,5,2017,379.6494581275737,-0.02856390680531795,Slight or No change
8,INFRATEL,EQ,25-May-2017,369.0,369.1,376.35,365.85,368.7,373.5,371.8,7287977,2709679898.7,89929,6053646,83.06,5,2017,377.8869251218486,0.012195121951219523,Slight or No change
9,INFRATEL,EQ,26-May-2017,373.5,370.0,377.2,366.3,369.5,369.95,371.45,1918463,712610729.0,43541,788763,41.11,5,2017,377.33011160005293,-0.009504685408299851,Slight or No change
10,INFRATEL,EQ,29-May-2017,369.95,370.0,381.4,367.7,377.1,379.35,376.57,3887542,1463947606.95,54997,2827505,72.73,5,2017,377.5815197593137,0.025408839032301733,Slight or No change
11,INFRATEL,EQ,30-May-2017,379.35,379.35,379.85,365.65,373.0,372.25,371.46,1273594,473092028.4,28694,420437,33.01,5,2017,377.3726375130856,-0.018716225121919172,Slight or No change
12,INFRATEL,EQ,31-May-2017,372.25,374.25,374.35,360.65,368.2,366.6,365.34,3613527,1320155619.05,132010,2260332,62.55,5,2017,376.2949421201864,-0.015177971793149725,Slight or No change
13,INFRATEL,EQ,01-Jun-2017,366.6,370.1,379.45,369.8,377.0,376.25,375.07,2505966,939912213.15,50681,1369539,54.65,6,2017,376.2920264364374,0.026322967812329345,Slight or No change
14,INFRATEL,EQ,02-Jun-2017,376.25,376.45,382.9,371.0,373.3,374.65,376.87,1334349,502873542.4,37710,496717,37.23,6,2017,376.2371972231404,-0.004252491694352267,Slight or No change
15,INFRATEL,EQ,05-Jun-2017,374.65,381.3,384.9,375.6,380.55,382.45,381.61,3563721,1359941983.55,74109,1871029,52.5,6,2017,376.74588833574626,0.020819431469371485,Slight or No change
16,INFRATEL,EQ,06-Jun-2017,382.45,383.0,388.9,379.8,384.7,383.15,384.02,2537956,974632973.95,53194,1811141,71.36,6,2017,377.0987404746596,0.0018303046149823476,Slight or No change
17,INFRATEL,EQ,07-Jun-2017,383.15,385.75,388.6,379.7,380.4,383.2,383.79,1610112,617938455.05,45025,812548,50.47,6,2017,377.30480536626055,0.00013049719431035278,Slight or No change
18,INFRATEL,EQ,08-Jun-2017,383.2,383.0,383.1,374.8,379.5,379.85,378.44,1107704,419194066.15,20214,342689,30.94,6,2017,377.36260133407546,-0.008742171189978998,Slight or No change
19,INFRATEL,EQ,09-Jun-2017,379.85,379.85,384.75,377.1,383.0,382.65,381.29,1545424,589254785.9,34955,494657,32.01,6,2017,377.5249680647366,0.007371330788469077,Slight or No change
20,INFRATEL,EQ,12-Jun-2017,382.65,380.55,386.0,376.8,384.75,384.75,382.05,1660758,634484310.35,47895,728996,43.9,6,2017,377.7557772814467,0.005488043904351203,Slight or No change
21,INFRATEL,EQ,13-Jun-2017,384.75,385.0,389.85,379.55,381.55,384.2,384.56,1863956,716802446.45,38488,580484,31.14,6,2017,377.9788335835962,-0.0014294996751137434,Slight or No change
22,INFRATEL,EQ,14-Jun-2017,384.2,382.7,387.4,381.45,386.9,386.1,384.75,1317476,506897019.55,39782,825288,62.64,6,2017,378.17277571258927,0.004945340968245837,Slight or No change
23,INFRATEL,EQ,15-Jun-2017,386.1,385.3,389.1,370.65,378.25,374.8,378.94,2369536,897923562.7,33682,1201629,50.71,6,2017,378.03387711512215,-0.029267029267029288,Slight or No change
24,INFRATEL,EQ,16-Jun-2017,374.8,374.8,384.65,373.25,375.0,375.1,379.31,2699975,1024121008.9,53617,1350780,50.03,6,2017,377.90237490107955,0.0008004268943437864,Slight or No change
25,INFRATEL,EQ,19-Jun-2017,375.1,376.0,383.9,373.5,375.05,376.55,380.64,2163886,823666461.2,50329,1353450,62.55,6,2017,377.8554789182063,0.003865635830445191,Slight or No change
26,INFRATEL,EQ,20-Jun-2017,376.55,377.15,381.5,375.7,377.75,377.1,378.48,1331396,503909527.95,27127,283356,21.28,6,2017,377.83969680500905,0.001460629398486235,Slight or No change
27,INFRATEL,EQ,21-Jun-2017,377.1,377.5,378.1,370.5,371.05,371.7,374.03,2388975,893538570.7,67053,1379532,57.75,6,2017,377.617870709935,-0.014319809069212486,Slight or No change
28,INFRATEL,EQ,22-Jun-2017,371.7,372.2,376.5,371.0,374.9,375.0,374.83,1120673,420060242.7,40145,595546,53.14,6,2017,377.57424101084047,0.008878127522195411,Slight or No change
29,INFRATEL,EQ,23-Jun-2017,375.0,377.35,378.55,371.05,372.5,372.15,375.39,2156583,809553208.85,61112,981685,45.52,6,2017,377.40568260233044,-0.007600000000000051,Slight or No change
30,INFRATEL,EQ,27-Jun-2017,372.15,373.7,375.9,368.8,372.65,373.3,373.23,1850097,690519836.75,64523,1074997,58.1,6,2017,377.2990723366701,0.0030901518205026512,Slight or No change
31,INFRATEL,EQ,28-Jun-2017,373.3,372.6,379.95,371.1,379.3,376.45,373.66,1768602,660848264.6,33839,1296489,73.31,6,2017,377.2785065552793,0.008438253415483432,Slight or No change
32,INFRATEL,EQ,29-Jun-2017,376.45,379.9,382.5,374.25,375.45,378.2,378.89,5450689,2065236593.6,101550,3142730,57.66,6,2017,377.3425165184799,0.00464869172532878,Slight or No change
33,INFRATEL,EQ,30-Jun-2017,378.2,375.0,377.05,371.25,374.0,374.55,373.63,980667,366404153.3,19464,552996,56.39,6,2017,377.3080476324662,-0.009650978318350045,Slight or No change
34,INFRATEL,EQ,03-Jul-2017,374.55,374.5,399.9,374.45,398.0,397.75,391.57,4181712,1637449786.0,65358,2066573,49.42,7,2017,378.3301847263354,0.061940995861700765,Slight or No change
35,INFRATEL,EQ,04-Jul-2017,397.75,399.8,405.9,396.6,402.0,401.55,402.02,2412278,969779026.35,42566,766981,31.79,7,2017,378.98116693367183,0.009553739786297921,Slight or No change
36,INFRATEL,EQ,05-Jul-2017,401.55,397.75,405.75,397.75,403.5,403.05,402.57,1039605,418513502.75,22627,442453,42.56,7,2017,379.268503267341,0.0037355248412402897,Slight or No change
37,INFRATEL,EQ,06-Jul-2017,403.05,403.55,416.2,398.6,415.0,414.7,409.04,2220499,908280558.85,52165,956315,43.07,7,2017,380.14949559362765,0.02890460240664927,Slight or No change
38,INFRATEL,EQ,07-Jul-2017,414.7,413.0,414.65,402.15,407.05,404.35,406.07,2673281,1085550146.4,47500,1433912,53.64,7,2017,380.8528777285737,-0.024957800819869758,Slight or No change
39,INFRATEL,EQ,10-Jul-2017,404.35,415.0,415.0,404.0,408.0,410.3,407.62,1255267,511667882.4,8681,1012975,80.7,7,2017,381.2493513065373,0.01471497465067384,Slight or No change
40,INFRATEL,EQ,11-Jul-2017,410.3,410.3,414.55,405.25,409.75,409.85,410.45,2575028,1056930894.95,77052,2036985,79.11,7,2017,382.0180581421803,-0.0010967584694125954,Slight or No change
41,INFRATEL,EQ,12-Jul-2017,409.85,410.0,422.35,405.6,420.95,420.3,414.38,4389373,1818888507.8,65811,2715936,61.88,7,2017,383.6951026360335,0.0254971330974747,Slight or No change
42,INFRATEL,EQ,13-Jul-2017,420.3,420.95,421.9,407.25,411.5,410.6,410.93,3111485,1278612295.7,60451,1962249,63.06,7,2017,384.50543993395047,-0.023078753271472685,Slight or No change
43,INFRATEL,EQ,14-Jul-2017,410.6,413.7,418.45,408.65,418.0,417.8,415.26,1575033,654049446.9,35844,898920,57.07,7,2017,385.00542659835395,0.017535314174379035,Slight or No change
44,INFRATEL,EQ,17-Jul-2017,417.8,417.8,420.3,415.7,418.05,418.65,418.14,1083121,452894420.45,20397,835248,77.11,7,2017,385.34932134634164,0.002034466251795042,Slight or No change
45,INFRATEL,EQ,18-Jul-2017,418.65,414.15,424.75,414.15,419.95,418.2,419.86,2192538,920567002.1,37056,1593504,72.68,7,2017,386.01525466907754,-0.001074883554281647,Slight or No change
46,INFRATEL,EQ,19-Jul-2017,418.2,417.9,422.9,412.0,412.95,415.15,416.13,1493859,621640127.8,32339,962825,64.45,7,2017,386.4121744871067,-0.007293161166905815,Slight or No change
47,INFRATEL,EQ,20-Jul-2017,415.15,412.2,414.95,404.55,406.5,406.1,407.86,1825907,744714074.5,28971,1261352,69.08,7,2017,386.73464212052284,-0.021799349632662834,Slight or No change
48,INFRATEL,EQ,21-Jul-2017,406.1,406.9,411.75,401.25,410.2,410.3,406.13,1371671,557083322.55,24812,488069,35.58,7,2017,387.02107482674677,0.010342280226545153,Slight or No change
49,INFRATEL,EQ,24-Jul-2017,410.3,413.3,415.45,403.35,406.4,408.9,410.32,2056890,843976057.35,36930,966819,47.0,7,2017,387.4127185308239,-0.003412137460394926,Slight or No change
50,INFRATEL,EQ,25-Jul-2017,408.9,414.9,425.0,413.45,415.2,415.65,418.9,2965248,1242145006.15,61583,692348,23.35,7,2017,388.1230693888672,0.01650770359501097,Slight or No change
51,INFRATEL,EQ,26-Jul-2017,415.65,412.65,414.9,407.55,413.55,413.5,411.36,1488819,612443075.5,30140,973385,65.38,7,2017,388.4396022958505,-0.005172621195717486,Slight or No change
52,INFRATEL,EQ,27-Jul-2017,413.5,417.0,417.0,409.0,411.05,411.05,411.87,2796607,1151846550.45,40461,1809638,64.71,7,2017,388.95723229529574,-0.005925030229745998,Slight or No change
53,INFRATEL,EQ,28-Jul-2017,411.05,413.9,413.9,398.65,399.65,403.9,405.68,2250006,912784538.6,34033,1367697,60.79,7,2017,389.22748376916917,-0.017394477557474808,Slight or No change
54,INFRATEL,EQ,31-Jul-2017,403.9,398.65,406.0,395.25,400.05,401.4,401.54,3107036,1247601918.75,45140,1769982,56.97,7,2017,389.52408084673567,-0.006189650903689059,Slight or No change
55,INFRATEL,EQ,01-Aug-2017,401.4,401.4,407.05,398.75,400.55,403.7,402.8,1633983,658168040.15,21937,1026341,62.81,8,2017,389.70343409523844,0.005729945191828678,Slight or No change
56,INFRATEL,EQ,02-Aug-2017,403.7,402.0,407.0,395.3,396.45,397.85,402.06,2252956,905820993.4,30241,1317326,58.47,8,2017,389.8431117589982,-0.014490958632647932,Slight or No change
57,INFRATEL,EQ,03-Aug-2017,397.85,399.0,407.5,396.0,399.9,403.95,402.67,3426255,1379643739.15,35139,1657571,48.38,8,2017,390.20159726793645,0.015332411712956961,Slight or No change
58,INFRATEL,EQ,04-Aug-2017,403.95,400.0,408.9,399.0,405.6,406.55,404.66,2078958,841269804.9,23090,1381155,66.43,8,2017,390.4498512936324,0.006436440153484435,Slight or No change
59,INFRATEL,EQ,07-Aug-2017,406.55,406.5,408.5,395.6,399.0,397.85,403.58,2453089,990007687.6,30730,1453533,59.25,8,2017,390.5801128405737,-0.021399581847251214,Slight or No change
60,INFRATEL,EQ,08-Aug-2017,397.85,389.0,389.8,380.0,382.3,383.6,384.71,12856633,4946108213.2,65778,3677096,28.6,8,2017,389.9905526587849,-0.03581751916551468,Slight or No change
61,INFRATEL,EQ,09-Aug-2017,383.6,379.0,385.4,379.0,381.7,381.7,382.33,2750683,1051677088.45,33160,2103073,76.46,8,2017,389.84339445804244,-0.00495307612095941,Slight or No change
62,INFRATEL,EQ,10-Aug-2017,381.7,380.3,387.9,378.95,383.0,382.45,383.08,3050083,1168431760.1,47245,2141348,70.21,8,2017,389.7006855212554,0.0019648938957297357,Slight or No change
63,INFRATEL,EQ,11-Aug-2017,382.45,376.1,383.75,376.1,382.5,382.3,380.5,2645105,1006465147.75,134964,2072955,78.37,8,2017,389.57884244080253,-0.0003922081317818682,Slight or No change
64,INFRATEL,EQ,14-Aug-2017,382.3,385.9,385.9,378.5,380.75,379.85,381.37,2677716,1021209440.3,71688,1966019,73.42,8,2017,389.4193525818798,-0.006408579649489932,Slight or No change
65,INFRATEL,EQ,16-Aug-2017,379.85,382.5,383.8,377.9,382.6,382.9,381.97,1986044,758612791.5,57588,1450546,73.04,8,2017,389.3410363103299,0.008029485323153729,Slight or No change
66,INFRATEL,EQ,17-Aug-2017,382.9,388.0,388.75,378.55,379.4,379.35,383.04,1591863,609740783.0,53152,756872,47.55,8,2017,389.2457537895765,-0.009271350221989993,Slight or No change
67,INFRATEL,EQ,18-Aug-2017,379.35,381.0,396.75,379.95,395.0,395.3,391.18,4427161,1731815005.55,190992,2653103,59.93,8,2017,389.4021815150934,0.04204560432318427,Slight or No change
68,INFRATEL,EQ,21-Aug-2017,395.3,395.7,396.55,382.65,386.4,386.6,390.18,1956668,763450264.9,64563,1062851,54.32,8,2017,389.370543411914,-0.022008601062484145,Slight or No change
69,INFRATEL,EQ,22-Aug-2017,386.6,386.9,396.0,385.65,387.05,387.85,390.46,2609604,1018957636.3,83656,1693296,64.89,8,2017,389.347986505272,0.003233316088980809,Slight or No change
70,INFRATEL,EQ,23-Aug-2017,387.85,389.9,389.9,380.75,382.85,382.8,383.12,1201788,460430828.6,23589,567601,47.23,8,2017,389.3035556337856,-0.013020497615057414,Slight or No change
71,INFRATEL,EQ,24-Aug-2017,382.8,382.9,387.8,380.3,386.5,383.9,383.81,1863817,715343720.65,43070,970978,52.1,8,2017,389.2472844888472,0.002873563218390718,Slight or No change
72,INFRATEL,EQ,28-Aug-2017,383.9,387.55,388.8,382.75,387.75,386.7,386.75,1402650,542469931.45,47641,845727,60.29,8,2017,389.2274765490827,0.007293566032821053,Slight or No change
73,INFRATEL,EQ,29-Aug-2017,386.7,387.6,387.6,377.0,380.45,380.3,381.43,1102703,420609169.1,21654,766271,69.49,8,2017,389.1732323936569,-0.016550297388156165,Slight or No change
74,INFRATEL,EQ,30-Aug-2017,380.3,383.95,385.85,379.6,385.4,384.75,383.56,838089,321455463.75,23232,528442,63.05,8,2017,389.15289971431565,0.011701288456481773,Slight or No change
75,INFRATEL,EQ,31-Aug-2017,384.75,386.8,387.55,367.05,376.25,375.2,375.51,7483962,2810292124.55,57475,6220154,83.11,8,2017,388.6027386684894,-0.024821312540610818,Slight or No change
76,INFRATEL,EQ,01-Sep-2017,375.2,376.3,381.85,375.3,380.6,379.7,379.57,1242702,471696622.65,47695,837952,67.43,9,2017,388.5448291126135,0.011993603411513787,Slight or No change
77,INFRATEL,EQ,04-Sep-2017,379.7,380.0,380.6,375.45,376.55,377.75,377.85,751845,284084777.85,18414,406619,54.08,9,2017,388.5025137628774,-0.005135633394785288,Slight or No change
78,INFRATEL,EQ,05-Sep-2017,377.75,378.55,379.25,368.2,372.15,371.85,371.63,1819271,676094391.9,35361,904866,49.74,9,2017,388.34604377665164,-0.015618795499669047,Slight or No change
79,INFRATEL,EQ,06-Sep-2017,371.85,372.25,373.5,367.5,370.85,371.45,370.94,1404720,521072436.8,49410,915742,65.19,9,2017,388.2243441735863,-0.0010757025682399668,Slight or No change
80,INFRATEL,EQ,07-Sep-2017,371.45,371.45,373.9,368.4,370.0,370.15,370.65,1122445,416035049.35,51535,789662,70.35,9,2017,388.12091344309897,-0.003499798088571815,Slight or No change
81,INFRATEL,EQ,08-Sep-2017,370.15,374.4,374.65,368.65,370.7,370.65,370.64,2528475,937142106.15,78578,1487128,58.82,9,2017,387.8985652450983,0.001350803728218386,Slight or No change
82,INFRATEL,EQ,11-Sep-2017,370.65,371.5,372.15,366.5,370.0,369.5,369.18,731573,270079705.9,18967,375212,51.29,9,2017,387.83106509998163,-0.003102657493592287,Slight or No change
83,INFRATEL,EQ,12-Sep-2017,369.5,369.5,370.8,363.65,370.05,370.1,368.58,2831964,1043808644.7,89907,2070149,73.1,9,2017,387.5827740000827,0.0016238159675237007,Slight or No change
84,INFRATEL,EQ,13-Sep-2017,370.1,371.6,374.35,366.4,370.0,370.65,370.73,4210770,1561049882.05,43492,3038987,72.17,9,2017,387.2374087274394,0.0014860848419344652,Slight or No change
85,INFRATEL,EQ,14-Sep-2017,370.65,370.9,373.95,368.5,370.3,370.05,369.9,1571003,581107281.6,34142,1204050,76.64,9,2017,387.1076059083198,-0.0016187778227437777,Slight or No change
86,INFRATEL,EQ,15-Sep-2017,370.05,374.65,382.9,369.65,377.05,374.0,376.38,11439738,4305709510.05,195549,8587051,75.06,9,2017,386.42434542941726,0.010674233211728223,Slight or No change
87,INFRATEL,EQ,18-Sep-2017,374.0,374.5,392.0,374.5,391.0,389.1,385.77,2752803,1061944430.25,73080,1230718,44.71,9,2017,386.4574919765694,0.04037433155080228,Slight or No change
88,INFRATEL,EQ,19-Sep-2017,389.1,390.75,399.9,388.15,397.1,398.3,394.78,1956748,772488906.15,29602,1017774,52.01,9,2017,386.56086426720174,0.023644307375995766,Slight or No change
89,INFRATEL,EQ,20-Sep-2017,398.3,396.7,400.95,393.05,395.35,393.95,396.01,1469249,581830265.85,30417,833818,56.75,9,2017,386.60897892797396,-0.010921416018076835,Slight or No change
90,INFRATEL,EQ,21-Sep-2017,393.95,395.9,399.55,386.6,387.4,387.65,391.05,2118175,828310291.05,62531,1477596,69.76,9,2017,386.61866063226336,-0.015991877141769306,Slight or No change
91,INFRATEL,EQ,22-Sep-2017,387.65,386.0,394.55,385.2,390.2,390.0,390.14,1615279,630191007.5,47609,858240,53.13,9,2017,386.6424727242592,0.0060621694827809325,Slight or No change
92,INFRATEL,EQ,25-Sep-2017,390.0,388.75,397.4,387.3,389.55,391.35,391.79,2575008,1008857204.55,90266,1640909,63.72,9,2017,386.69473451420544,0.003461538461538627,Slight or No change
93,INFRATEL,EQ,26-Sep-2017,391.35,394.0,394.0,373.85,376.4,376.4,387.86,1827778,708930756.45,73385,1000488,54.74,9,2017,386.61424440007136,-0.038201098760700214,Slight or No change
94,INFRATEL,EQ,27-Sep-2017,376.4,379.8,386.4,376.25,383.55,382.65,381.31,2082260,793987638.55,47303,1213460,58.28,9,2017,386.57924600550103,0.01660467587672687,Slight or No change
95,INFRATEL,EQ,28-Sep-2017,382.65,380.0,395.7,375.0,391.6,392.6,387.31,2458127,952053227.65,62477,1374513,55.92,9,2017,386.64134793436483,0.026002874689664335,Slight or No change
96,INFRATEL,EQ,29-Sep-2017,392.6,393.6,411.7,393.05,397.65,398.4,401.57,5139940,2064056191.5,117621,3013026,58.62,9,2017,386.8896030689035,0.014773306164034494,Slight or No change
97,INFRATEL,EQ,03-Oct-2017,398.4,404.9,410.2,399.0,406.95,408.5,408.0,4036851,1647041887.6,77219,2669169,66.12,10,2017,387.24209232699866,0.025351405622489942,Slight or No change
98,INFRATEL,EQ,04-Oct-2017,408.5,408.5,419.65,408.0,416.0,416.5,414.38,3456681,1432383908.0,48328,2441485,70.63,10,2017,387.6451054764478,0.019583843329253448,Slight or No change
99,INFRATEL,EQ,05-Oct-2017,416.5,412.1,413.0,402.65,404.55,404.65,406.0,1920244,779616716.55,46332,859337,44.75,10,2017,387.77423824175156,-0.028451380552220962,Slight or No change
100,INFRATEL,EQ,06-Oct-2017,404.65,407.8,409.9,399.0,399.4,399.95,401.56,2028197,814450659.0,48392,1405927,69.32,10,2017,387.8711201953617,-0.011614975905103186,Slight or No change
101,INFRATEL,EQ,09-Oct-2017,399.95,402.8,405.95,397.55,398.0,398.5,400.86,1385786,555507775.6,27378,770717,55.62,10,2017,387.92859341882854,-0.003625453181647642,Slight or No change
102,INFRATEL,EQ,10-Oct-2017,398.5,398.5,404.55,398.5,400.5,399.85,401.77,2029807,815521316.55,56035,1374426,67.71,10,2017,388.022271499317,0.00338770388958598,Slight or No change
103,INFRATEL,EQ,11-Oct-2017,399.85,403.0,414.0,401.9,410.7,410.5,409.87,5104904,2092353608.6,79133,3467958,67.93,10,2017,388.4578803275937,0.02663498812054521,Slight or No change
104,INFRATEL,EQ,12-Oct-2017,410.5,412.8,438.0,402.7,432.3,432.0,430.2,10400395,4474201223.0,159805,5137278,49.4,10,2017,390.1117406191736,0.052375152253349544,Slight or No change
105,INFRATEL,EQ,13-Oct-2017,432.0,434.95,455.0,432.8,450.0,449.95,447.33,16946705,7580700788.7,137518,12184270,71.9,10,2017,393.59931809826236,0.04155092592592591,Slight or No change
106,INFRATEL,EQ,16-Oct-2017,449.95,455.95,474.25,450.6,467.5,471.5,461.23,9404756,4337792190.8,175100,6285964,66.84,10,2017,396.0400696583589,0.04789421046782971,Slight or No change
107,INFRATEL,EQ,17-Oct-2017,471.5,468.0,482.8,467.0,479.45,479.2,476.0,9080336,4322205063.9,171278,5913705,65.13,10,2017,398.4818571460039,0.016330858960763583,Slight or No change
108,INFRATEL,EQ,18-Oct-2017,479.2,476.7,482.0,460.05,461.65,461.75,465.83,3847393,1792223070.95,104759,2279686,59.25,10,2017,399.2593093570869,-0.036414858096827984,Slight or No change
109,INFRATEL,EQ,19-Oct-2017,461.75,462.0,464.4,458.35,460.0,460.25,461.22,234833,108308580.55,3050,47529,20.24,10,2017,399.3050201894716,-0.003248511099079643,Slight or No change
110,INFRATEL,EQ,23-Oct-2017,460.25,460.0,468.85,445.25,449.2,449.0,450.1,3468772,1561309774.0,115049,2140997,61.72,10,2017,399.84915089257726,-0.024443237370994075,Slight or No change
111,INFRATEL,EQ,24-Oct-2017,449.0,448.05,459.85,437.85,454.2,453.3,450.2,3495103,1573496893.65,87937,1757213,50.28,10,2017,400.43241388133777,0.009576837416481077,Slight or No change
112,INFRATEL,EQ,25-Oct-2017,453.3,458.9,464.35,450.8,451.1,452.15,457.56,2720627,1244852106.7,54074,1683203,61.87,10,2017,400.8680097050658,-0.0025369512464152866,Slight or No change
113,INFRATEL,EQ,26-Oct-2017,452.15,451.5,465.0,436.45,458.9,455.4,447.5,2343242,1048594438.3,51028,1221292,52.12,10,2017,401.26075033526973,0.007187880128276092,Slight or No change
114,INFRATEL,EQ,27-Oct-2017,455.4,453.0,454.0,415.0,419.0,418.55,426.85,4527007,1932353933.85,64660,1601900,35.39,10,2017,401.4980098188985,-0.08091787439613518,Slight or No change
115,INFRATEL,EQ,30-Oct-2017,418.55,423.7,435.0,421.7,427.7,429.7,428.05,4402673,1884584144.3,52505,2333582,53.0,10,2017,401.8694378516206,0.026639589057460222,Slight or No change
116,INFRATEL,EQ,31-Oct-2017,429.7,428.5,448.35,419.2,441.95,442.15,434.22,5952903,2584890781.1,68131,2451379,41.18,10,2017,402.5741911170208,0.028973702583197536,Slight or No change
117,INFRATEL,EQ,01-Nov-2017,442.15,446.0,452.0,422.4,425.3,426.55,435.01,3573242,1554387672.6,45367,1210580,33.88,11,2017,402.8233700120345,-0.03528214406875485,Slight or No change
118,INFRATEL,EQ,02-Nov-2017,426.55,428.0,428.7,415.6,417.7,418.65,421.85,2632114,1110370187.2,65274,1246305,47.35,11,2017,402.9436121172019,-0.01852068925096717,Slight or No change
119,INFRATEL,EQ,03-Nov-2017,418.65,419.0,421.3,412.05,413.5,413.75,416.69,1624837,677045705.8,38468,693847,42.7,11,2017,402.9940575320107,-0.011704287591066453,Slight or No change
120,INFRATEL,EQ,06-Nov-2017,413.75,417.15,429.0,413.0,423.95,424.05,424.18,3603506,1528541620.25,87162,1876653,52.08,11,2017,403.2098112276955,0.024894259818731168,Slight or No change
121,INFRATEL,EQ,07-Nov-2017,424.05,427.05,432.95,420.5,429.15,427.05,426.41,3101792,1322625807.9,90330,1679073,54.13,11,2017,403.4182444610621,0.007074637424832053,Slight or No change
122,INFRATEL,EQ,08-Nov-2017,427.05,432.0,439.6,430.1,435.5,435.15,435.33,4412381,1920831411.0,91680,2733119,61.94,11,2017,403.8080461148218,0.018967334035827177,Slight or No change
123,INFRATEL,EQ,09-Nov-2017,435.15,438.45,443.45,424.45,428.0,429.2,438.37,4969389,2178440075.55,71767,3556635,71.57,11,2017,404.15455023348056,-0.013673445938182205,Slight or No change
124,INFRATEL,EQ,10-Nov-2017,429.2,423.85,432.6,421.7,426.8,426.75,426.98,3348288,1429643020.4,84433,2203207,65.8,11,2017,404.3604131739441,-0.00570829450139787,Slight or No change
125,INFRATEL,EQ,13-Nov-2017,426.75,429.4,429.4,405.25,413.0,415.5,420.14,3422752,1438036106.75,85426,2102888,61.44,11,2017,404.4632036404951,-0.026362038664323406,Slight or No change
126,INFRATEL,EQ,14-Nov-2017,415.5,406.0,406.4,391.5,394.75,396.95,400.44,131335426,52591607669.2,127738,87880418,66.91,11,2017,402.4986044043673,-0.04464500601684718,Slight or No change
127,INFRATEL,EQ,15-Nov-2017,396.95,396.0,399.4,375.15,380.4,377.65,388.58,3278094,1273817333.25,56268,1503317,45.86,11,2017,402.337478613107,-0.04862073308980985,Slight or No change
128,INFRATEL,EQ,16-Nov-2017,377.65,381.1,392.5,380.35,385.85,384.65,387.25,5469875,2118186538.3,90051,2751195,50.3,11,2017,402.1481521816204,0.01853568118628357,Slight or No change
129,INFRATEL,EQ,17-Nov-2017,384.65,387.45,388.8,376.55,380.55,380.15,381.59,3328012,1269943827.15,87704,1884632,56.63,11,2017,402.00581452884165,-0.011698947094761492,Slight or No change
130,INFRATEL,EQ,20-Nov-2017,380.15,385.4,392.9,381.7,383.55,383.7,386.29,6432184,2484692534.45,119105,4171891,64.86,11,2017,401.77971546464545,0.009338419045113788,Slight or No change
131,INFRATEL,EQ,21-Nov-2017,383.7,386.4,386.95,381.0,382.65,383.55,383.37,3626367,1390222929.85,92107,2528858,69.74,11,2017,401.6536520128334,-0.0003909304143862036,Slight or No change
132,INFRATEL,EQ,22-Nov-2017,383.55,385.8,385.8,373.6,378.0,376.45,377.19,5752823,2169919139.5,140607,3942396,68.53,11,2017,401.3801606348426,-0.01851127623517146,Slight or No change
133,INFRATEL,EQ,23-Nov-2017,376.45,381.15,386.4,373.1,375.4,374.6,380.23,4561646,1734465489.45,90510,2285646,50.11,11,2017,401.1516991209922,-0.0049143312524903005,Slight or No change
134,INFRATEL,EQ,24-Nov-2017,374.6,378.0,382.0,376.4,381.0,380.8,379.62,2487171,944177709.6,87082,1198406,48.18,11,2017,401.0574734547673,0.016550987720234778,Slight or No change
135,INFRATEL,EQ,27-Nov-2017,380.8,381.25,387.7,378.4,385.95,386.6,384.67,2416421,929527576.15,84775,1206564,49.93,11,2017,400.9927325514417,0.015231092436974736,Slight or No change
136,INFRATEL,EQ,28-Nov-2017,386.6,383.15,387.35,376.05,376.8,377.85,382.1,4127842,1577233964.95,96678,2379204,57.64,11,2017,400.81704461993263,-0.022633212622865995,Slight or No change
137,INFRATEL,EQ,29-Nov-2017,377.85,376.8,384.9,376.45,383.65,384.15,381.52,6010951,2293304793.6,96424,4356517,72.48,11,2017,400.6348098025101,0.016673283048828758,Slight or No change
138,INFRATEL,EQ,30-Nov-2017,384.15,385.0,387.9,380.6,384.5,383.7,384.12,12955743,4976516194.3,99424,10603295,81.84,11,2017,400.2449071156368,-0.0011714174150722068,Slight or No change
139,INFRATEL,EQ,01-Dec-2017,383.7,387.0,388.4,382.85,385.0,385.95,385.62,3519059,1357011953.75,59594,2098700,59.64,12,2017,400.15606600959904,0.005863956215793609,Slight or No change
140,INFRATEL,EQ,04-Dec-2017,385.95,386.0,388.45,375.1,375.9,376.5,379.59,1423770,540444213.3,30206,638964,44.88,12,2017,400.09673280799154,-0.024485036921881087,Slight or No change
141,INFRATEL,EQ,05-Dec-2017,376.5,374.15,380.45,371.25,378.0,378.55,375.91,2141034,804841795.0,57335,910914,42.55,12,2017,400.0157700193454,0.0054448871181940195,Slight or No change
142,INFRATEL,EQ,06-Dec-2017,378.55,378.25,378.25,366.5,367.15,370.35,373.0,2172920,810501709.35,91703,1442965,66.41,12,2017,399.9030692716724,-0.021661603486989756,Slight or No change
143,INFRATEL,EQ,07-Dec-2017,370.35,367.6,384.9,367.15,382.1,382.35,375.32,1768073,663598370.1,60527,917221,51.88,12,2017,399.8489763709243,0.032401782098015364,Slight or No change
144,INFRATEL,EQ,08-Dec-2017,382.35,380.05,381.55,372.35,373.65,373.7,374.91,3146713,1179722986.85,63589,1878017,59.68,12,2017,399.7063422530971,-0.02262325094808426,Slight or No change
145,INFRATEL,EQ,11-Dec-2017,373.7,377.0,377.9,367.2,368.1,368.05,370.36,3031658,1122790689.2,66747,1786271,58.92,12,2017,399.5408505628565,-0.015119079475515051,Slight or No change
146,INFRATEL,EQ,12-Dec-2017,368.05,369.0,369.0,354.25,355.95,355.4,358.44,3321358,1190509622.55,80441,1942695,58.49,12,2017,399.2894817500401,-0.03437033011819057,Slight or No change
147,INFRATEL,EQ,13-Dec-2017,355.4,357.5,362.9,355.15,357.6,357.7,359.57,2362236,849387901.5,61461,1142263,48.36,12,2017,399.1217148170451,0.006471581316826125,Slight or No change
148,INFRATEL,EQ,14-Dec-2017,357.7,358.2,362.9,355.1,358.4,356.65,358.4,2052442,735590263.5,42154,1000108,48.73,12,2017,398.9733773760069,-0.0029354207436399493,Slight or No change
149,INFRATEL,EQ,15-Dec-2017,356.65,358.05,361.45,353.3,354.25,354.5,355.56,2416817,859312819.1,86797,1410703,58.37,12,2017,398.79122219636923,-0.006028319080330746,Slight or No change
150,INFRATEL,EQ,18-Dec-2017,354.5,353.75,361.9,347.1,358.3,357.75,356.41,2963083,1056066756.3,60644,1561115,52.69,12,2017,398.58615964522204,0.009167842031029716,Slight or No change
151,INFRATEL,EQ,19-Dec-2017,357.75,357.5,363.9,357.5,361.8,362.5,361.44,1737412,627977617.75,48903,972052,55.95,12,2017,398.4807463866343,0.01327742837176804,Slight or No change
152,INFRATEL,EQ,20-Dec-2017,362.5,362.5,366.7,362.5,363.05,364.25,364.6,2111646,769904877.55,60137,1344241,63.66,12,2017,398.3596447350898,0.004827586206896495,Slight or No change
153,INFRATEL,EQ,21-Dec-2017,364.25,364.95,365.85,360.25,361.0,361.6,362.93,1507477,547113991.05,77871,971759,64.46,12,2017,398.2670387373719,-0.007275223061084413,Slight or No change
154,INFRATEL,EQ,22-Dec-2017,361.6,361.25,365.35,358.75,364.0,363.95,362.12,2856053,1034228530.35,93015,2008069,70.31,12,2017,398.10402460221536,0.006498893805309658,Slight or No change
155,INFRATEL,EQ,26-Dec-2017,363.95,363.0,370.5,362.65,368.5,369.6,367.59,1649408,606306674.45,22806,888999,53.9,12,2017,398.0260427227646,0.015524110454732787,Slight or No change
156,INFRATEL,EQ,27-Dec-2017,369.6,369.5,371.0,365.25,366.0,367.5,368.87,1199421,442436050.15,34655,549539,45.82,12,2017,397.96543353998555,-0.005681818181818232,Slight or No change
157,INFRATEL,EQ,28-Dec-2017,367.5,367.5,371.8,364.5,367.0,368.15,369.06,4295438,1585259102.55,60611,3403264,79.23,12,2017,397.7549259755446,0.0017687074829930705,Slight or No change
158,INFRATEL,EQ,29-Dec-2017,368.15,369.7,380.55,367.1,379.15,378.75,376.42,4216334,1587128761.85,55134,2379062,56.42,12,2017,397.6241220168504,0.028792611707184612,Slight or No change
159,INFRATEL,EQ,01-Jan-2018,378.75,379.9,379.9,368.35,369.95,369.95,371.52,1788442,664446707.1,19164,650150,36.35,1,2018,397.54356518539663,-0.023234323432343218,Slight or No change
160,INFRATEL,EQ,02-Jan-2018,369.95,371.0,380.0,370.1,378.65,378.8,377.43,4093118,1544847563.25,76984,2054076,50.18,1,2018,397.4195209937957,0.023922151642113754,Slight or No change
161,INFRATEL,EQ,03-Jan-2018,378.8,379.7,383.45,376.45,379.0,378.65,379.56,2009516,762741794.2,51526,1119084,55.69,1,2018,397.3587346738654,-0.00039598732840562256,Slight or No change
162,INFRATEL,EQ,04-Jan-2018,378.65,381.8,381.8,377.25,378.25,379.05,379.19,4247055,1610427903.35,49282,3386897,79.75,1,2018,397.23427032887537,0.0010563845239668357,Slight or No change
163,INFRATEL,EQ,05-Jan-2018,379.05,381.45,381.45,371.5,372.4,372.6,377.01,1576172,594235774.45,42346,1017185,64.54,1,2018,397.17227660204827,-0.017016224772457456,Slight or No change
164,INFRATEL,EQ,08-Jan-2018,372.6,372.6,376.45,372.05,373.55,374.4,374.4,1754188,656775481.35,53264,1034505,58.97,1,2018,397.10867437062166,0.004830917874395935,Slight or No change
165,INFRATEL,EQ,09-Jan-2018,374.4,370.15,376.85,367.2,368.45,368.4,371.11,1659015,615683529.9,72276,1025486,61.81,1,2018,397.03304202491495,-0.01602564102564108,Slight or No change
166,INFRATEL,EQ,10-Jan-2018,368.4,368.5,373.0,364.6,370.85,370.8,367.63,4204087,1545564880.0,89025,3180317,75.65,1,2018,396.8590718674934,0.006514657980456029,Slight or No change
167,INFRATEL,EQ,11-Jan-2018,370.8,371.0,371.75,363.9,370.35,367.75,366.92,2373477,870870853.0,84726,1502157,63.29,1,2018,396.75049312265986,-0.008225458468176905,Slight or No change
168,INFRATEL,EQ,12-Jan-2018,367.75,364.05,376.95,364.05,374.9,374.8,370.93,2834284,1051324404.1,106929,1703598,60.11,1,2018,396.653153666441,0.019170632222977657,Slight or No change
169,INFRATEL,EQ,15-Jan-2018,374.8,374.5,378.5,369.0,370.7,370.5,374.32,1038566,388760392.0,40971,510485,49.15,1,2018,396.61072549556866,-0.011472785485592385,Slight or No change
170,INFRATEL,EQ,16-Jan-2018,370.5,373.45,375.35,366.15,368.05,367.95,370.21,1797985,665634426.2,52110,1085064,60.35,1,2018,396.5304558475798,-0.006882591093117396,Slight or No change
171,INFRATEL,EQ,17-Jan-2018,367.95,365.0,373.2,360.85,368.35,366.1,366.89,2996802,1099485795.85,77914,1566625,52.28,1,2018,396.38906476221604,-0.005027857045794226,Slight or No change
172,INFRATEL,EQ,18-Jan-2018,366.1,365.0,365.05,342.25,344.15,343.8,350.23,4256014,1490598205.85,96458,1802755,42.36,1,2018,396.0443200217085,-0.06091231903851413,Slight or No change
173,INFRATEL,EQ,19-Jan-2018,343.8,346.0,348.55,339.25,346.9,346.05,343.63,7653870,2630111706.65,102221,5696113,74.42,1,2018,395.46179992937243,0.00654450261780104,Slight or No change
174,INFRATEL,EQ,22-Jan-2018,346.05,344.5,349.0,339.8,342.6,343.5,344.36,6688121,2303135499.35,67185,5416910,80.99,1,2018,394.9380812738835,-0.007368877329865686,Slight or No change
175,INFRATEL,EQ,23-Jan-2018,343.5,344.4,345.5,337.85,338.8,339.4,341.71,5668180,1936874225.25,110373,4565812,80.55,1,2018,394.4676996956351,-0.011935953420669665,Slight or No change
176,INFRATEL,EQ,24-Jan-2018,339.4,339.0,345.85,338.45,342.65,342.3,341.79,4933761,1686316849.15,85968,3424371,69.41,1,2018,394.085926303706,0.00854449027695936,Slight or No change
177,INFRATEL,EQ,25-Jan-2018,342.3,342.1,348.8,340.55,343.75,343.45,344.98,4683283,1615656788.4,105231,3442791,73.51,1,2018,393.7366021982867,0.0033596260590125215,Slight or No change
178,INFRATEL,EQ,29-Jan-2018,343.45,343.0,355.65,340.5,352.4,353.4,347.36,4249433,1476089893.6,98510,3074845,72.36,1,2018,393.48567968294356,0.02897073809870432,Slight or No change
179,INFRATEL,EQ,30-Jan-2018,353.4,352.2,354.6,342.1,345.0,344.45,347.12,3724844,1292978389.7,75840,2392029,64.22,1,2018,393.21974930786865,-0.025325410299943396,Slight or No change
180,INFRATEL,EQ,31-Jan-2018,344.45,345.0,353.95,343.2,352.0,351.55,346.84,3997015,1386330971.5,70972,3041037,76.08,1,2018,392.97865648306527,0.020612570764987792,Slight or No change
181,INFRATEL,EQ,01-Feb-2018,351.55,352.0,354.0,343.5,346.85,346.85,346.78,3045857,1056233464.05,69565,2084985,68.45,2,2018,392.776169386679,-0.013369364244061988,Slight or No change
182,INFRATEL,EQ,02-Feb-2018,346.85,342.0,349.6,341.8,346.0,344.85,345.25,4467011,1542254860.25,94373,3257629,72.93,2,2018,392.46960630039126,-0.005766181346403387,Slight or No change
183,INFRATEL,EQ,05-Feb-2018,344.85,336.0,354.1,330.05,349.9,349.0,344.1,2690533,925810167.6,65768,1366255,50.78,2,2018,392.3027724606181,0.012034217775844569,Slight or No change
184,INFRATEL,EQ,06-Feb-2018,349.0,339.4,349.2,328.15,347.0,344.95,343.75,1662550,571501178.25,47009,852607,51.28,2,2018,392.1907380317344,-0.011604584527220685,Slight or No change
185,INFRATEL,EQ,07-Feb-2018,344.95,348.05,353.9,336.15,339.0,338.55,345.15,3376135,1165282005.55,88844,2149034,63.65,2,2018,391.9342516323372,-0.01855341353819384,Slight or No change
186,INFRATEL,EQ,08-Feb-2018,338.55,341.0,351.95,340.0,350.3,349.2,346.33,1436457,497488838.15,45615,703298,48.96,2,2018,391.8474883683625,0.03145768719539199,Slight or No change
187,INFRATEL,EQ,09-Feb-2018,349.2,342.9,349.15,339.05,342.45,341.5,341.65,3050243,1042130390.0,41250,2334336,76.53,2,2018,391.6313603471117,-0.02205040091638022,Slight or No change
188,INFRATEL,EQ,12-Feb-2018,341.5,345.4,346.15,336.25,337.15,338.25,339.35,3252157,1103628583.15,58251,2193399,67.44,2,2018,391.3881529466833,-0.009516837481698404,Slight or No change
189,INFRATEL,EQ,14-Feb-2018,338.25,339.55,340.4,325.25,327.85,327.4,327.58,7362307,2411754962.85,111638,5332987,72.44,2,2018,390.7349129818528,-0.03207686622320771,Slight or No change
190,INFRATEL,EQ,15-Feb-2018,327.4,329.1,336.9,327.25,331.7,331.05,332.91,3526872,1174113354.85,53509,1684109,47.75,2,2018,390.44444732358187,0.01114844227244971,Slight or No change
191,INFRATEL,EQ,16-Feb-2018,331.05,334.4,334.4,322.55,328.5,327.55,327.78,2397216,785748603.25,47207,1384460,57.75,2,2018,390.23708694058,-0.010572421084428352,Slight or No change
192,INFRATEL,EQ,19-Feb-2018,327.55,330.85,333.4,325.1,331.85,329.85,329.53,2593948,854789925.25,54614,1259000,48.54,2,2018,390.0224200539021,0.007021828728438484,Slight or No change
193,INFRATEL,EQ,20-Feb-2018,329.85,332.0,335.75,322.7,334.45,334.0,330.25,2348949,775749609.1,60714,1281998,54.58,2,2018,389.84265743892365,0.012581476428679572,Slight or No change
194,INFRATEL,EQ,21-Feb-2018,334.0,334.9,339.5,332.5,338.5,338.05,336.59,2192907,738118806.55,72809,1368031,62.38,2,2018,389.6879706215926,0.012125748502993972,Slight or No change
195,INFRATEL,EQ,22-Feb-2018,338.05,335.0,338.05,330.0,332.4,333.85,332.48,8407719,2795404926.4,83640,5868790,69.8,2,2018,389.05580938023724,-0.012424197603904674,Slight or No change
196,INFRATEL,EQ,23-Feb-2018,333.85,332.1,344.4,330.05,340.2,340.4,338.13,3108532,1051088470.5,82127,1969141,63.35,2,2018,388.85299626696724,0.019619589636064028,Slight or No change
197,INFRATEL,EQ,26-Feb-2018,340.4,344.75,348.0,335.9,344.55,344.45,344.41,11037220,3801283497.3,63063,9576519,86.77,2,2018,388.205410272628,0.011897767332549991,Slight or No change
198,INFRATEL,EQ,27-Feb-2018,344.45,346.9,349.35,339.95,340.1,344.8,343.69,6738482,2315973432.6,74819,5882496,87.3,2,2018,387.82233727107666,0.0010161126433445578,Slight or No change
199,INFRATEL,EQ,28-Feb-2018,344.8,340.0,351.4,338.9,345.0,346.7,346.25,41050485,14213567748.05,155838,26336873,64.16,2,2018,385.72422746591303,0.005510440835266861,Slight or No change
200,INFRATEL,EQ,01-Mar-2018,346.7,348.0,352.2,342.25,345.0,345.2,345.68,3367869,1164211541.25,43631,2419995,71.86,3,2018,385.55530479008485,-0.004326507066628182,Slight or No change
201,INFRATEL,EQ,05-Mar-2018,345.2,342.5,342.5,335.0,335.8,339.15,338.66,2294182,776950220.7,57903,1391466,60.65,3,2018,385.42390881205904,-0.017526071842410285,Slight or No change
202,INFRATEL,EQ,06-Mar-2018,339.15,339.8,340.45,328.8,332.1,331.95,332.18,10597788,3520347200.55,136703,8633353,81.46,3,2018,384.73350994805037,-0.02122954444935865,Slight or No change
203,INFRATEL,EQ,07-Mar-2018,331.95,331.0,336.6,327.65,329.3,329.45,333.53,10039533,3348516335.85,77287,8311923,82.79,3,2018,384.0655160997643,-0.007531254707034196,Slight or No change
204,INFRATEL,EQ,08-Mar-2018,329.45,331.0,344.45,324.5,328.6,331.2,334.2,7186625,2401745484.1,90868,4033498,56.13,3,2018,383.61217974478177,0.005311883442100429,Slight or No change
205,INFRATEL,EQ,09-Mar-2018,331.2,332.0,338.1,328.85,332.6,333.15,333.89,5488752,1832625172.5,92318,3781108,68.89,3,2018,383.2838368371131,0.005887681159420177,Slight or No change
206,INFRATEL,EQ,12-Mar-2018,333.15,335.5,343.6,332.65,337.0,339.5,336.53,6680146,2248090155.3,35637,5485175,82.11,3,2018,382.93983391175743,0.019060483265796346,Slight or No change
207,INFRATEL,EQ,13-Mar-2018,339.5,336.0,350.0,336.0,348.5,349.0,346.23,2491061,862488821.8,61422,1411834,56.68,3,2018,382.84068547331833,0.027982326951399017,Slight or No change
208,INFRATEL,EQ,14-Mar-2018,349.0,345.9,346.7,337.55,338.25,339.15,340.39,2244680,764056899.1,69156,1229766,54.79,3,2018,382.725977560115,-0.028223495702005774,Slight or No change
209,INFRATEL,EQ,15-Mar-2018,339.15,340.0,344.85,336.25,337.0,337.9,340.77,1354562,461596092.45,36242,638055,47.1,3,2018,382.6550702167381,-0.0036856848002359,Slight or No change
210,INFRATEL,EQ,16-Mar-2018,337.9,339.0,343.4,332.5,336.05,334.45,337.17,3780358,1274637921.05,59698,2470338,65.35,3,2018,382.4431974337501,-0.01021012133767385,Slight or No change
211,INFRATEL,EQ,19-Mar-2018,334.45,334.95,337.15,320.05,327.5,325.35,328.47,2261162,742712893.95,61620,1293945,57.22,3,2018,382.29349621755443,-0.027208850351322922,Slight or No change
212,INFRATEL,EQ,20-Mar-2018,325.35,325.0,343.95,323.45,341.5,341.9,338.8,5524750,1871759502.55,145087,2455884,44.45,3,2018,382.0363619724095,0.05086829568157358,Slight or No change
213,INFRATEL,EQ,21-Mar-2018,341.9,345.8,345.8,336.3,337.0,337.15,338.96,2825185,957630822.9,73000,1514089,53.59,3,2018,381.89072028305236,-0.01389295115530853,Slight or No change
214,INFRATEL,EQ,22-Mar-2018,337.15,337.4,344.45,330.9,335.0,335.2,337.4,2264722,764109423.35,49863,1262762,55.76,3,2018,381.7695930628215,-0.0057837757674624735,Slight or No change
215,INFRATEL,EQ,23-Mar-2018,335.2,330.0,344.9,329.0,342.5,342.5,338.68,2991192,1013061909.95,55051,1373906,45.93,3,2018,381.6354984169081,0.021778042959427202,Slight or No change
216,INFRATEL,EQ,26-Mar-2018,342.5,340.0,346.3,339.15,344.0,343.95,343.85,1353062,465251906.7,49568,609070,45.01,3,2018,381.57737750840073,0.004233576642335812,Slight or No change
217,INFRATEL,EQ,27-Mar-2018,343.95,346.7,346.7,332.75,337.0,336.55,336.08,3190225,1072164832.15,93943,1899976,59.56,3,2018,381.4142369167928,-0.02151475505160627,Slight or No change
218,INFRATEL,EQ,28-Mar-2018,336.55,337.5,342.0,331.05,335.25,336.15,335.87,7045038,2366196063.3,113924,5651329,80.22,3,2018,381.05494981976767,-0.0011885306789481964,Slight or No change
219,INFRATEL,EQ,02-Apr-2018,336.15,336.0,344.4,335.9,339.2,337.65,341.1,1643242,560513348.8,83986,948341,57.71,4,2018,380.9747375981187,0.004462293618920032,Slight or No change
220,INFRATEL,EQ,03-Apr-2018,337.65,336.5,342.3,334.5,339.0,339.15,338.9,1165314,394927186.2,38084,566171,48.59,4,2018,380.91999729834964,0.004442470013327426,Slight or No change
221,INFRATEL,EQ,04-Apr-2018,339.15,337.0,338.95,335.0,336.8,336.95,336.95,1385801,466940783.95,48971,959402,69.23,4,2018,380.8516670711621,-0.006486805248415162,Slight or No change
222,INFRATEL,EQ,05-Apr-2018,336.95,337.55,340.5,330.25,338.6,338.05,335.36,3807792,1276962931.75,57875,2696547,70.82,4,2018,380.66968065868804,0.003264579314438354,Slight or No change
223,INFRATEL,EQ,06-Apr-2018,338.05,338.0,342.85,335.35,338.0,338.0,338.77,5575268,1888711983.55,57670,4912239,88.11,4,2018,380.40568614268886,-0.00014790711433221304,Slight or No change
224,INFRATEL,EQ,09-Apr-2018,338.0,338.0,340.2,336.25,338.2,337.2,338.11,5696918,1926167423.35,54266,5224314,91.7,4,2018,380.13425873326065,-0.002366863905325478,Slight or No change
225,INFRATEL,EQ,10-Apr-2018,337.2,339.0,341.0,332.1,336.05,335.45,337.15,3470927,1170229755.65,44990,2730842,78.68,4,2018,379.9638806361387,-0.005189798339264584,Slight or No change
226,INFRATEL,EQ,11-Apr-2018,335.45,336.05,339.9,335.55,337.5,337.45,337.61,3468729,1171091256.25,19240,2970928,85.65,4,2018,379.80249565948225,0.005962140408406702,Slight or No change
227,INFRATEL,EQ,12-Apr-2018,337.45,339.2,341.55,335.95,341.0,340.7,338.41,2136706,723088692.8,32375,1631780,76.37,4,2018,379.7112742267281,0.009631056452807929,Slight or No change
228,INFRATEL,EQ,13-Apr-2018,340.7,341.0,348.45,336.9,339.9,339.7,343.98,2358332,811214220.2,36305,1226442,52.0,4,2018,379.6085156307237,-0.0029351335485764407,Slight or No change
229,INFRATEL,EQ,16-Apr-2018,339.7,334.5,343.4,334.5,340.9,340.05,339.85,4175047,1418879416.7,24320,3522423,84.37,4,2018,379.4294706797223,0.0010303208713571266,Slight or No change
230,INFRATEL,EQ,17-Apr-2018,340.05,342.2,343.0,330.4,333.5,334.0,334.65,2797188,936078407.85,54325,1756008,62.78,4,2018,379.2921281297773,-0.01779150124981621,Slight or No change
231,INFRATEL,EQ,18-Apr-2018,334.0,335.0,338.0,334.5,336.0,336.05,335.99,2881187,968058827.2,18442,2474836,85.9,4,2018,379.15789058763454,0.006137724550898227,Slight or No change
232,INFRATEL,EQ,19-Apr-2018,336.05,337.0,338.6,334.4,335.35,335.95,336.1,2579826,867079396.25,39919,2091012,81.05,4,2018,379.0381218518313,-0.000297574765659947,Slight or No change
233,INFRATEL,EQ,20-Apr-2018,335.95,337.4,337.4,326.4,331.55,331.1,330.94,1307014,432539218.1,48330,809468,61.93,4,2018,378.9708951548657,-0.01443667212382782,Slight or No change
234,INFRATEL,EQ,23-Apr-2018,331.1,332.0,332.6,324.5,326.95,328.0,327.5,2475687,810783580.1,44644,1531985,61.88,4,2018,378.8358601291603,-0.009362730292962973,Slight or No change
235,INFRATEL,EQ,24-Apr-2018,328.0,327.0,334.6,315.65,331.4,329.0,325.75,4979271,1621985862.6,68237,2399240,48.18,4,2018,378.57172375068717,0.0030487804878047697,Slight or No change
236,INFRATEL,EQ,25-Apr-2018,329.0,338.0,338.95,322.3,323.5,325.45,327.08,4998560,1634908341.15,109702,2439348,48.8,4,2018,378.2905770712696,-0.010790273556231078,Slight or No change
237,INFRATEL,EQ,26-Apr-2018,325.45,326.5,327.0,310.5,317.3,316.1,315.13,6209388,1956763933.05,131468,3757338,60.51,4,2018,377.8843738736502,-0.028729451528652583,Slight or No change
238,INFRATEL,EQ,27-Apr-2018,316.1,316.15,324.65,313.35,322.6,320.25,319.44,4360743,1392994407.85,67375,3338375,76.56,4,2018,377.62121109502004,0.013128756722555979,Slight or No change
239,INFRATEL,EQ,30-Apr-2018,320.25,317.1,321.9,312.0,316.0,313.1,314.62,3440871,1082567712.4,49507,2518368,73.19,4,2018,377.389582917137,-0.022326307572209103,Slight or No change
240,INFRATEL,EQ,02-May-2018,313.1,314.95,318.4,312.35,313.85,313.8,315.11,5741657,1809261140.1,55110,4884253,85.07,5,2018,377.0109225405377,0.002235707441711865,Slight or No change
241,INFRATEL,EQ,03-May-2018,313.8,311.35,327.0,311.35,324.3,324.95,323.27,4395421,1420895764.65,64385,1937548,44.08,5,2018,376.7746769432584,0.03553218610579978,Slight or No change
242,INFRATEL,EQ,04-May-2018,324.95,321.7,325.0,318.65,323.0,322.45,321.94,2125043,684142841.75,54594,1468989,69.13,5,2018,376.65575431470336,-0.007693491306354772,Slight or No change
243,INFRATEL,EQ,07-May-2018,322.45,321.1,324.45,319.3,323.2,320.65,320.21,2621067,839301173.1,34468,2276748,86.86,5,2018,376.5049411178258,-0.005582260815630402,Slight or No change
244,INFRATEL,EQ,08-May-2018,320.65,323.0,324.5,319.6,321.0,321.0,320.74,7307907,2343958756.0,40319,6921955,94.72,5,2018,376.09131805382685,0.0010915328239513578,Slight or No change
245,INFRATEL,EQ,09-May-2018,321.0,323.9,328.2,322.15,324.9,324.85,325.52,2739153,891638002.3,19375,1910980,69.77,5,2018,375.9485913263344,0.011993769470405091,Slight or No change
246,INFRATEL,EQ,10-May-2018,324.85,324.9,328.3,317.2,319.3,320.7,321.53,2809718,903414413.55,37013,2183953,77.73,5,2018,375.79118811195633,-0.012775126981683926,Slight or No change
247,INFRATEL,EQ,11-May-2018,320.7,320.7,322.85,315.45,318.2,319.85,317.97,2806644,892427647.95,14215,1954870,69.65,5,2018,375.6324378416154,-0.002650452135952497,Slight or No change
248,INFRATEL,EQ,14-May-2018,319.85,319.25,323.3,313.0,313.3,316.0,318.85,1310795,417941297.5,24289,864661,65.96,5,2018,375.55350866217617,-0.012036892293262547,Slight or No change
249,INFRATEL,EQ,15-May-2018,316.0,315.0,315.65,311.1,312.9,312.45,313.18,3695713,1157425263.3,29298,2958039,80.04,5,2018,375.3188944544222,-0.011234177215189933,Slight or No change
250,INFRATEL,EQ,16-May-2018,312.45,312.2,323.8,308.2,314.3,315.2,314.75,2250017,708202388.45,19155,1291302,57.39,5,2018,375.1831202032904,0.008801408225316054,Slight or No change
251,INFRATEL,EQ,17-May-2018,315.2,317.7,324.75,312.9,320.0,321.75,321.05,3255853,1045295051.85,42029,2077685,63.81,5,2018,375.00906821708827,0.02078045685279184,Slight or No change
252,INFRATEL,EQ,18-May-2018,321.75,318.5,322.25,315.1,317.0,316.15,319.17,1949318,622159003.05,32325,1115292,57.21,5,2018,374.89450278823386,-0.017404817404817474,Slight or No change
253,INFRATEL,EQ,21-May-2018,316.15,316.0,323.5,315.6,319.8,321.7,321.12,1523518,489224577.5,27715,792871,52.04,5,2018,374.81370272927364,0.01755495808951446,Slight or No change
254,INFRATEL,EQ,22-May-2018,321.7,319.5,320.7,313.05,316.05,315.85,315.85,2443082,771635766.05,63348,1643857,67.29,5,2018,374.6704299871437,-0.018184644078333756,Slight or No change
255,INFRATEL,EQ,23-May-2018,315.85,317.0,319.5,313.75,317.0,317.3,316.94,3690868,1169799276.3,43571,3200675,86.72,5,2018,374.46060071279516,0.004590786765869881,Slight or No change
256,INFRATEL,EQ,24-May-2018,317.3,318.8,319.55,313.65,317.0,318.35,316.44,4111643,1301108179.9,43285,3573757,86.92,5,2018,374.2329107538896,0.0033091711314214844,Slight or No change
257,INFRATEL,EQ,25-May-2018,318.35,318.0,318.15,312.0,315.05,314.85,314.17,1105911,347444207.85,50694,581302,52.56,5,2018,374.1681679553083,-0.010994188785927395,Slight or No change
258,INFRATEL,EQ,28-May-2018,314.85,315.85,317.95,309.2,311.9,310.7,312.98,1201629,376091112.55,44664,634741,52.82,5,2018,374.093071056706,-0.013180879784024269,Slight or No change
259,INFRATEL,EQ,29-May-2018,310.7,312.0,313.8,303.15,304.85,304.9,306.11,2631933,805649463.3,57743,1388978,52.77,5,2018,373.91421279471035,-0.01866752494367563,Slight or No change
260,INFRATEL,EQ,30-May-2018,304.9,307.0,307.0,298.95,301.0,301.15,300.98,2554562,768882731.5,45650,1432348,56.07,5,2018,373.7321095833826,-0.012299114463758642,Slight or No change
261,INFRATEL,EQ,31-May-2018,301.15,301.55,304.0,293.35,300.9,298.65,300.03,11366237,3410169032.7,107109,9199044,80.93,5,2018,372.90525860630083,-0.008301510874979212,Slight or No change
262,INFRATEL,EQ,01-Jun-2018,298.65,300.2,303.9,298.75,300.8,300.65,300.32,1271174,381754799.8,34043,833074,65.54,6,2018,372.81637657493053,0.006696802276912717,Slight or No change
263,INFRATEL,EQ,04-Jun-2018,300.65,302.0,302.15,294.0,294.05,295.15,297.04,926733,275279175.3,43500,460663,49.71,6,2018,372.74678800954246,-0.01829369698985528,Slight or No change
264,INFRATEL,EQ,05-Jun-2018,295.15,298.5,298.5,289.5,294.1,294.65,292.84,2364464,692417448.85,96385,1513365,64.0,6,2018,372.56866320114545,-0.001694053870913148,Slight or No change
265,INFRATEL,EQ,06-Jun-2018,294.65,295.0,297.2,292.75,294.15,294.6,294.54,1434703,422580407.2,38659,851305,59.34,6,2018,372.46090756385735,-0.00016969285593060324,Slight or No change
266,INFRATEL,EQ,07-Jun-2018,294.6,294.2,295.5,292.6,293.9,293.8,293.85,2471537,726265931.8,61112,1905796,77.11,6,2018,372.27407557798796,-0.0027155465037339566,Slight or No change
267,INFRATEL,EQ,08-Jun-2018,293.8,293.9,299.45,293.1,298.6,298.4,297.33,1360769,404603374.5,28019,695520,51.11,6,2018,372.1775962945368,0.015656909462218982,Slight or No change
268,INFRATEL,EQ,11-Jun-2018,298.4,299.0,302.05,298.0,300.3,300.0,300.14,2123262,637266998.2,26956,1675144,78.89,6,2018,372.03081203004837,0.00536193029490617,Slight or No change
269,INFRATEL,EQ,12-Jun-2018,300.0,302.0,302.0,298.6,300.05,299.75,300.11,946261,283984709.6,30911,674055,71.23,6,2018,371.96536137026834,-0.0008333333333333526,Slight or No change
270,INFRATEL,EQ,13-Jun-2018,299.75,300.0,302.2,296.6,300.0,300.5,300.31,5147453,1545815942.35,27766,4670010,90.72,6,2018,371.61506626109826,0.002502085070892335,Slight or No change
271,INFRATEL,EQ,14-Jun-2018,300.5,298.0,299.85,294.9,296.0,296.5,296.61,1055622,313106679.55,36811,640697,60.69,6,2018,371.5396360641747,-0.01331114808652245,Slight or No change
272,INFRATEL,EQ,15-Jun-2018,296.5,296.5,297.7,291.6,293.5,293.6,293.16,3264270,956943825.7,64409,2440307,74.76,6,2018,371.2983636330631,-0.009780775716694667,Slight or No change
273,INFRATEL,EQ,18-Jun-2018,293.6,292.0,294.0,288.9,291.15,291.3,290.68,1377676,400463168.85,26133,875455,63.55,6,2018,371.19398192173526,-0.0078337874659401,Slight or No change
274,INFRATEL,EQ,19-Jun-2018,291.3,290.1,292.5,285.9,288.05,287.75,289.1,1300911,376089314.9,34648,840934,64.64,6,2018,371.09129761851983,-0.01218674905595607,Slight or No change
275,INFRATEL,EQ,20-Jun-2018,287.75,288.2,290.9,284.1,284.9,285.3,287.17,1887084,541923183.8,44387,1362391,72.2,6,2018,370.9384279327196,-0.008514335360556013,Slight or No change
276,INFRATEL,EQ,21-Jun-2018,285.3,286.9,286.9,274.55,278.95,279.6,278.43,5646050,1572014607.65,97495,3123563,55.32,6,2018,370.45405935669925,-0.019978969505783373,Slight or No change
277,INFRATEL,EQ,22-Jun-2018,279.6,278.95,287.95,275.45,285.85,286.0,284.11,2317644,658465797.8,70269,836960,36.11,6,2018,370.2706165838058,0.022889842632331847,Slight or No change
278,INFRATEL,EQ,25-Jun-2018,286.0,285.85,293.0,283.25,290.75,291.95,288.51,2416530,697186459.6,57434,1378426,57.04,6,2018,370.09363862952443,0.02080419580419579,Slight or No change
279,INFRATEL,EQ,26-Jun-2018,291.95,290.0,294.95,282.35,292.8,292.95,290.96,5285978,1537990529.4,54111,4021209,76.07,6,2018,369.71420572199156,0.0034252440486384206,Slight or No change
280,INFRATEL,EQ,27-Jun-2018,292.95,291.95,302.75,287.2,300.0,299.55,298.93,4099169,1225348348.95,109442,2041078,49.79,6,2018,369.44760113456465,0.022529441884280743,Slight or No change
281,INFRATEL,EQ,28-Jun-2018,299.55,299.0,300.0,293.9,298.85,297.95,296.86,4702328,1395935587.6,55470,3570447,75.93,6,2018,369.13730835318864,-0.005341345351360438,Slight or No change
282,INFRATEL,EQ,29-Jun-2018,297.95,300.0,307.95,295.6,300.5,300.55,301.0,3871075,1165182045.0,49086,2957370,76.4,6,2018,368.8931375224325,0.00872629635844957,Slight or No change
283,INFRATEL,EQ,02-Jul-2018,300.55,301.0,304.8,294.8,300.0,298.9,299.21,2444336,731374543.75,18381,1551143,63.46,7,2018,368.73615198610736,-0.005489935118948686,Slight or No change
284,INFRATEL,EQ,03-Jul-2018,298.9,296.0,297.8,286.6,291.5,291.5,291.02,2404666,699809623.15,53462,1416430,58.9,7,2018,368.5661079265859,-0.02475744396119095,Slight or No change
285,INFRATEL,EQ,04-Jul-2018,291.5,291.5,301.85,289.55,297.7,299.5,298.17,2171623,647507938.65,29492,685646,31.57,7,2018,368.4290598764288,0.027444253859348233,Slight or No change
286,INFRATEL,EQ,05-Jul-2018,299.5,296.7,305.1,294.3,303.0,303.45,298.98,1418401,424073467.65,28730,447730,31.57,7,2018,368.34495263406404,0.013188647746243731,Slight or No change
287,INFRATEL,EQ,06-Jul-2018,303.45,300.45,303.95,295.35,299.0,299.1,300.3,1382388,415129867.6,28129,778192,56.29,7,2018,368.2577094519971,-0.014335145823034967,Slight or No change
288,INFRATEL,EQ,09-Jul-2018,299.1,299.1,303.0,299.1,301.85,301.85,301.57,613883,185128417.15,20744,379088,61.75,7,2018,368.2205752061747,0.009194249414911315,Slight or No change
289,INFRATEL,EQ,10-Jul-2018,301.85,301.95,307.1,299.85,305.4,305.3,304.29,878200,267231133.55,28598,431412,49.12,7,2018,368.1702819978024,0.0114295179725028,Slight or No change
290,INFRATEL,EQ,11-Jul-2018,305.3,305.3,319.2,304.0,315.0,317.15,315.95,4059566,1282635271.7,62860,1465762,36.11,7,2018,367.98246107589495,0.03881428103504736,Slight or No change
291,INFRATEL,EQ,12-Jul-2018,317.15,315.0,317.0,307.65,311.65,314.05,311.17,1586131,493561371.35,39548,441812,27.85,7,2018,367.9049994540445,-0.009774554627147936,Slight or No change
292,INFRATEL,EQ,13-Jul-2018,314.05,314.0,314.0,300.35,302.25,302.7,304.77,1416753,431787149.7,24642,454387,32.07,7,2018,367.82145540252253,-0.03614074192007655,Slight or No change
293,INFRATEL,EQ,16-Jul-2018,302.7,302.7,305.7,298.3,301.2,301.15,300.37,1661955,499197594.7,19765,1135684,68.33,7,2018,367.7213984119037,-0.005120581433762816,Slight or No change
294,INFRATEL,EQ,17-Jul-2018,301.15,299.0,307.25,297.1,302.6,303.35,303.79,836130,254011207.3,21381,469789,56.19,7,2018,367.67283298502196,0.0073053295699818666,Slight or No change
295,INFRATEL,EQ,18-Jul-2018,303.35,303.2,305.6,298.75,300.1,299.25,300.36,1537581,461830661.6,28674,1052469,68.45,7,2018,367.57803537288925,-0.013515740893357608,Slight or No change
296,INFRATEL,EQ,19-Jul-2018,299.25,287.0,292.4,283.4,285.6,285.3,285.84,2182923,623962012.35,40393,1158858,53.09,7,2018,367.41651501469386,-0.046616541353383445,Slight or No change
297,INFRATEL,EQ,20-Jul-2018,285.3,285.0,288.2,285.0,286.05,286.0,286.25,4041062,1156762182.95,18427,3580601,88.61,7,2018,367.1217081853842,0.002453557658604888,Slight or No change
298,INFRATEL,EQ,23-Jul-2018,286.0,287.0,289.65,284.0,287.0,286.7,287.15,629540,180773549.05,10983,350133,55.62,7,2018,367.0763682156322,0.002447552447552459,Slight or No change
299,INFRATEL,EQ,24-Jul-2018,286.7,287.0,288.0,285.1,286.0,285.85,286.12,3997082,1143649866.1,21242,3419059,85.54,7,2018,366.7866519384078,-0.0029647715381930784,Slight or No change
300,INFRATEL,EQ,25-Jul-2018,285.85,286.0,291.9,283.45,286.05,286.9,286.93,6454497,1851990768.3,39690,4764355,73.81,7,2018,366.3291686618542,0.0036732552037781474,Slight or No change
301,INFRATEL,EQ,26-Jul-2018,286.9,286.0,288.65,278.05,286.0,286.85,284.35,5254405,1494115286.0,54007,3374566,64.22,7,2018,365.960364740024,-0.00017427675148118382,Slight or No change
302,INFRATEL,EQ,27-Jul-2018,286.85,287.3,290.8,284.1,289.05,289.45,287.4,1703895,489694252.95,28349,671860,39.43,7,2018,365.84540950275635,0.009063970716402192,Slight or No change
303,INFRATEL,EQ,30-Jul-2018,289.45,290.0,292.35,287.0,288.5,289.15,289.38,1203306,348217255.0,21784,586544,48.74,7,2018,365.76411699070553,-0.0010364484366902627,Slight or No change
304,INFRATEL,EQ,31-Jul-2018,289.15,290.0,291.75,285.95,286.0,286.65,288.86,1744891,504026017.7,50271,920702,52.77,7,2018,365.6427053350306,-0.008646031471554516,Slight or No change
305,INFRATEL,EQ,01-Aug-2018,286.65,287.0,297.45,285.75,293.1,293.25,292.68,1897046,555226864.5,67870,824566,43.47,8,2018,365.522122146685,0.02302459445316596,Slight or No change
306,INFRATEL,EQ,02-Aug-2018,293.25,293.25,297.9,289.4,289.6,291.15,292.88,1228980,359942061.05,27186,582999,47.44,8,2018,365.4419542125815,-0.007161125319693151,Slight or No change
307,INFRATEL,EQ,03-Aug-2018,291.15,289.9,292.6,288.75,290.0,290.1,290.34,1138162,330451901.1,35931,690192,60.64,8,2018,365.36681730157926,-0.003606388459556742,Slight or No change
308,INFRATEL,EQ,06-Aug-2018,290.1,291.45,291.85,285.75,286.9,287.05,289.17,684331,197886552.95,30245,386225,56.44,8,2018,365.3198848454431,-0.010513615994484748,Slight or No change
309,INFRATEL,EQ,07-Aug-2018,287.05,286.4,289.5,285.0,285.95,285.9,286.93,1854883,532227338.45,24845,1292183,69.66,8,2018,365.1910916385523,-0.00400627068454984,Slight or No change
310,INFRATEL,EQ,08-Aug-2018,285.9,286.0,292.5,284.15,292.5,290.45,285.92,5442103,1555985146.6,42083,4255639,78.2,8,2018,364.8371660573386,0.015914655473941997,Slight or No change
311,INFRATEL,EQ,09-Aug-2018,290.45,291.2,296.85,289.3,292.05,293.25,294.42,1562399,460006919.25,15533,688252,44.05,8,2018,364.739975770866,0.009640213461869607,Slight or No change
312,INFRATEL,EQ,10-Aug-2018,293.25,290.3,293.65,287.6,290.2,289.9,290.26,1271219,368988030.3,19504,601970,47.35,8,2018,364.6573966444792,-0.011423699914748564,Slight or No change
313,INFRATEL,EQ,13-Aug-2018,289.9,287.2,287.55,283.45,285.05,285.25,285.32,1095747,312637291.9,16649,657117,59.97,8,2018,364.58194396669705,-0.01604001379786124,Slight or No change
314,INFRATEL,EQ,14-Aug-2018,285.25,285.3,285.75,280.2,283.6,283.9,283.59,2241692,635715303.4,48962,1522320,67.91,8,2018,364.42540866720526,-0.004732690622261226,Slight or No change
315,INFRATEL,EQ,16-Aug-2018,283.9,282.0,283.45,279.0,280.9,280.65,281.43,1705620,480017668.55,84568,1175265,68.91,8,2018,364.3019225317591,-0.011447692849594904,Slight or No change
316,INFRATEL,EQ,17-Aug-2018,280.65,281.0,285.4,281.0,282.25,282.55,282.97,2626989,743347835.5,87418,1849121,70.39,8,2018,364.1167439537303,0.0067699982184217244,Slight or No change
317,INFRATEL,EQ,20-Aug-2018,282.55,282.6,287.0,281.9,285.75,284.8,285.21,1706019,486580256.7,89319,1107123,64.9,8,2018,364.000238871418,0.00796319235533538,Slight or No change
318,INFRATEL,EQ,21-Aug-2018,284.8,285.45,289.7,284.35,287.0,287.5,287.15,2304463,661719077.1,90363,1662843,72.16,8,2018,363.8487545010724,0.00948033707865159,Slight or No change
319,INFRATEL,EQ,23-Aug-2018,287.5,288.0,290.7,282.55,283.35,283.9,285.16,1875794,534898868.2,108937,1264179,67.39,8,2018,363.72009771662414,-0.012521739130434861,Slight or No change
320,INFRATEL,EQ,24-Aug-2018,283.9,283.4,291.4,278.85,285.0,285.55,285.92,3456951,988423057.65,89480,1865813,53.97,8,2018,363.488953176129,0.0058119056005636605,Slight or No change
321,INFRATEL,EQ,27-Aug-2018,285.55,285.55,289.8,281.6,289.05,288.05,285.16,2244792,640114730.05,65565,1354105,60.32,8,2018,363.34437976515574,0.00875503414463319,Slight or No change
322,INFRATEL,EQ,28-Aug-2018,288.05,289.8,289.8,282.6,286.2,286.15,286.04,10163994,2907319187.05,49381,8918609,87.75,8,2018,362.6803087365458,-0.006596077069953243,Slight or No change
323,INFRATEL,EQ,29-Aug-2018,286.15,287.2,287.2,282.25,283.35,283.6,283.98,4826522,1370629381.4,24362,4275277,88.58,8,2018,362.35857500839444,-0.00891141009959795,Slight or No change
324,INFRATEL,EQ,30-Aug-2018,283.6,282.3,286.0,280.1,284.0,284.4,283.75,2645826,750748065.3,33771,1593668,60.23,8,2018,362.1850941323178,0.0028208744710858102,Slight or No change
325,INFRATEL,EQ,31-Aug-2018,284.4,285.75,294.8,285.0,285.75,286.9,290.26,2495220,724251338.5,63535,975982,39.11,8,2018,362.02742967217995,0.008790436005625901,Slight or No change
326,INFRATEL,EQ,03-Sep-2018,286.9,289.05,292.9,286.0,290.0,289.8,290.68,1141409,331780533.25,22555,476987,41.79,9,2018,361.95830333057415,0.010108051585918654,Slight or No change
327,INFRATEL,EQ,04-Sep-2018,289.8,291.0,292.0,282.4,284.15,284.05,286.31,1433152,410328917.45,19258,791667,55.24,9,2018,361.86479408629856,-0.019841269841269882,Slight or No change
328,INFRATEL,EQ,05-Sep-2018,284.05,284.0,284.0,269.25,271.9,271.35,275.11,2129182,585753521.1,35708,823284,38.67,9,2018,361.7036786426162,-0.04471043830311561,Slight or No change
329,INFRATEL,EQ,06-Sep-2018,271.35,266.35,277.6,265.6,271.0,270.95,270.87,3939106,1066978013.8,44904,941575,23.9,9,2018,361.40580031565685,-0.0014741109268473496,Slight or No change
330,INFRATEL,EQ,07-Sep-2018,270.95,272.0,279.35,267.2,274.5,277.35,275.61,2042234,562861454.35,33945,843059,41.28,9,2018,361.263005716998,0.023620594205573164,Slight or No change
331,INFRATEL,EQ,10-Sep-2018,277.35,273.9,279.0,272.7,275.25,275.7,275.77,793199,218736956.5,12695,218510,27.55,9,2018,361.20658737460167,-0.005949161709032036,Slight or No change
332,INFRATEL,EQ,11-Sep-2018,275.7,275.25,276.8,269.0,270.2,270.2,270.44,2484626,671943684.75,35447,1574391,63.37,9,2018,361.0190059191504,-0.01994922016684797,Slight or No change
333,INFRATEL,EQ,12-Sep-2018,270.2,270.2,272.3,263.3,270.6,270.8,267.69,1097568,293812159.35,37714,439314,40.03,9,2018,360.93693481647483,0.0022205773501111636,Slight or No change
334,INFRATEL,EQ,14-Sep-2018,270.8,270.8,275.9,270.55,275.55,274.6,272.57,3099251,844749112.6,34240,2325256,75.03,9,2018,360.7157272297035,0.014032496307237796,Slight or No change
335,INFRATEL,EQ,17-Sep-2018,274.6,274.8,275.0,266.0,266.9,266.85,270.22,2277951,615548382.15,49718,1350391,59.28,9,2018,360.5392937559173,-0.028222869628550584,Slight or No change
336,INFRATEL,EQ,18-Sep-2018,266.85,268.0,268.0,265.0,266.45,266.7,266.56,1788883,476848206.85,34711,1016348,56.81,9,2018,360.40098309956926,-0.0005621135469365823,Slight or No change
337,INFRATEL,EQ,19-Sep-2018,266.7,268.0,272.85,264.0,271.0,270.9,268.62,1208800,324709792.1,46294,577922,47.81,9,2018,360.3119320780651,0.015748031496062964,Slight or No change
338,INFRATEL,EQ,21-Sep-2018,270.9,272.9,282.85,270.6,279.05,281.2,278.49,3625576,1009704329.55,61403,1771827,48.87,9,2018,360.07654558194895,0.038021410114433385,Slight or No change
339,INFRATEL,EQ,24-Sep-2018,281.2,280.0,283.95,273.05,277.7,277.85,279.07,1342760,374724088.65,30056,402161,29.95,9,2018,359.9860359759218,-0.011913229018492011,Slight or No change
340,INFRATEL,EQ,25-Sep-2018,277.85,277.0,280.0,268.05,270.0,269.35,272.91,2794731,762720525.25,71352,1399585,50.08,9,2018,359.7788638511319,-0.03059204606802235,Slight or No change
341,INFRATEL,EQ,26-Sep-2018,269.35,270.0,273.9,257.7,261.9,261.5,264.38,2575108,680803346.4,56674,1080750,41.97,9,2018,359.57231049308984,-0.0291442361240023,Slight or No change
342,INFRATEL,EQ,27-Sep-2018,261.5,262.0,271.05,256.85,269.95,267.85,264.46,3769191,996783775.6,54335,2045695,54.27,9,2018,359.2910130019758,0.024282982791587138,Slight or No change
343,INFRATEL,EQ,28-Sep-2018,267.85,267.85,275.45,261.5,262.2,262.95,269.41,2438632,657000829.6,52738,921868,37.8,9,2018,359.10023015571517,-0.018293821168564595,Slight or No change
344,INFRATEL,EQ,01-Oct-2018,262.95,262.9,272.3,262.0,265.15,267.6,267.78,2928255,784132809.9,48477,1247762,42.61,10,2018,358.8831693300825,0.0176839703365661,Slight or No change
345,INFRATEL,EQ,03-Oct-2018,267.6,267.6,267.6,250.0,250.35,251.7,254.34,2989267,760298183.0,36943,668096,22.35,10,2018,358.6242340506496,-0.05941704035874451,Slight or No change
346,INFRATEL,EQ,04-Oct-2018,251.7,242.65,261.6,242.25,258.1,256.15,256.2,4972966,1274057248.1,75119,2128358,42.8,10,2018,358.21404111792896,0.017679777512912054,Slight or No change
347,INFRATEL,EQ,05-Oct-2018,256.15,254.9,264.0,253.6,260.5,260.2,261.02,4498382,1174182078.7,70598,2929802,65.13,10,2018,357.8604242752725,0.015811048213937084,Slight or No change
348,INFRATEL,EQ,08-Oct-2018,260.2,260.0,269.5,253.15,266.55,266.7,260.74,2253966,587692712.1,59514,651104,28.89,10,2018,357.6959274085307,0.024980784012298196,Slight or No change
349,INFRATEL,EQ,09-Oct-2018,266.7,266.7,273.9,261.95,270.0,266.5,268.98,2128482,572526735.05,46167,711522,33.43,10,2018,357.540792354108,-0.0007499062617172259,Slight or No change
350,INFRATEL,EQ,10-Oct-2018,266.5,268.45,276.0,256.5,258.7,258.25,266.93,2832141,755983759.2,42257,1088034,38.42,10,2018,357.3165557788876,-0.030956848030018747,Slight or No change
351,INFRATEL,EQ,11-Oct-2018,258.25,252.7,262.65,252.0,262.5,259.75,259.45,4629003,1201002690.05,58507,3294210,71.16,10,2018,356.95774051051154,0.0058083252662148865,Slight or No change
352,INFRATEL,EQ,12-Oct-2018,259.75,259.95,267.5,258.0,265.0,265.55,263.5,2502620,659433763.5,67610,1413332,56.47,10,2018,356.77635703385414,0.022329162656400392,Slight or No change
353,INFRATEL,EQ,15-Oct-2018,265.55,267.55,271.6,264.85,268.55,268.6,268.27,1953850,524167879.95,47698,842815,43.14,10,2018,356.63996440043854,0.011485595932969384,Slight or No change
354,INFRATEL,EQ,16-Oct-2018,268.6,268.6,277.5,263.8,266.4,266.25,270.08,2760250,745497674.65,34857,771189,27.94,10,2018,356.44287277017054,-0.008749069247952379,Slight or No change
355,INFRATEL,EQ,17-Oct-2018,266.25,268.7,269.65,258.2,261.05,260.0,263.88,1618929,427210669.6,15922,660908,40.82,10,2018,356.31969213578026,-0.023474178403755874,Slight or No change
356,INFRATEL,EQ,19-Oct-2018,260.0,261.0,268.65,261.0,264.1,264.45,264.98,2544569,674266398.45,50941,1261989,49.6,10,2018,356.13563188485296,0.017115384615384643,Slight or No change
357,INFRATEL,EQ,22-Oct-2018,264.45,266.0,267.9,260.65,264.6,265.25,265.03,1228217,325511443.7,26336,447989,36.47,10,2018,356.04782590962424,0.0030251465305350944,Slight or No change
358,INFRATEL,EQ,23-Oct-2018,265.25,264.6,270.4,258.6,265.0,265.5,262.59,8806279,2312437854.95,44744,7202980,81.79,10,2018,355.4249146082457,0.0009425070688029447,Slight or No change
359,INFRATEL,EQ,24-Oct-2018,265.5,265.55,267.9,259.9,264.0,263.25,262.71,2283437,599890568.0,56030,1045545,45.79,10,2018,355.26078629039984,-0.008474576271186418,Slight or No change
360,INFRATEL,EQ,25-Oct-2018,263.25,260.1,270.7,260.0,264.5,265.0,264.93,6916739,1832480996.35,61144,4523798,65.4,10,2018,354.7765625242316,0.006647673314339908,Slight or No change
361,INFRATEL,EQ,26-Oct-2018,265.0,264.5,268.45,261.85,265.0,265.0,264.82,2293262,607312851.5,23982,945375,41.22,10,2018,354.61716173746237,0.0,Slight or No change
362,INFRATEL,EQ,29-Oct-2018,265.0,263.5,266.75,262.55,266.15,264.65,264.82,995410,263600093.75,31366,548026,55.06,10,2018,354.5478789650675,-0.0013207547169812317,Slight or No change
363,INFRATEL,EQ,30-Oct-2018,264.65,265.15,267.95,263.5,265.6,266.2,265.81,1524274,405173490.7,62947,1035193,67.91,10,2018,354.4438183059459,0.005856791989420129,Slight or No change
364,INFRATEL,EQ,31-Oct-2018,266.2,265.0,271.0,259.4,267.0,269.25,264.95,2396820,635042343.85,71448,1574248,65.68,10,2018,354.2863231153,0.011457550713749098,Slight or No change
365,INFRATEL,EQ,01-Nov-2018,269.25,264.05,266.95,260.35,261.0,261.2,262.95,2270401,596992117.25,61674,1413471,62.26,11,2018,354.1235988258727,-0.029897864438254484,Slight or No change
366,INFRATEL,EQ,02-Nov-2018,261.2,262.8,264.75,260.25,261.0,262.3,263.33,1687971,444496152.25,41287,888860,52.66,11,2018,354.00441449526613,0.004211332312404448,Slight or No change
367,INFRATEL,EQ,05-Nov-2018,262.3,262.3,264.0,258.05,261.95,261.95,261.21,1661661,434038118.4,66619,966677,58.18,11,2018,353.8869430379276,-0.0013343499809379544,Slight or No change
368,INFRATEL,EQ,06-Nov-2018,261.95,261.15,265.75,259.3,262.1,262.65,263.62,1582175,417097703.25,56589,954972,60.36,11,2018,353.7762186783575,0.0026722656995610272,Slight or No change
369,INFRATEL,EQ,07-Nov-2018,262.65,264.9,266.25,263.0,266.0,265.15,265.01,94257,24979263.35,1001,37858,40.16,11,2018,353.76981156557514,0.009518370454978164,Slight or No change
370,INFRATEL,EQ,09-Nov-2018,265.15,267.8,274.1,264.35,264.7,265.85,269.56,4838067,1304171135.9,65298,3056914,63.18,11,2018,353.44477172277186,0.0026400150858005844,Slight or No change
371,INFRATEL,EQ,12-Nov-2018,265.85,267.95,268.8,257.45,257.8,258.5,260.65,2007650,523294405.05,22778,1485269,73.98,11,2018,353.29933594072764,-0.027647169456460507,Slight or No change
372,INFRATEL,EQ,13-Nov-2018,258.5,258.0,261.25,253.55,258.0,258.4,257.22,1412523,363332452.3,36582,536840,38.01,11,2018,353.19717071082823,-0.0003868471953579755,Slight or No change
373,INFRATEL,EQ,14-Nov-2018,258.4,260.0,261.5,256.85,259.1,260.05,259.69,813648,211293966.0,28217,344374,42.32,11,2018,353.1394433889626,0.006385448916408798,Slight or No change
374,INFRATEL,EQ,15-Nov-2018,260.05,261.95,261.95,254.0,254.8,255.4,257.67,1206044,310766556.95,31901,559095,46.36,11,2018,353.04973988166955,-0.017881176696789125,Slight or No change
375,INFRATEL,EQ,16-Nov-2018,255.4,257.8,262.25,256.0,259.4,259.6,259.72,1581500,410747630.1,52196,576368,36.44,11,2018,352.9374084369681,0.016444792482380732,Slight or No change
376,INFRATEL,EQ,19-Nov-2018,259.6,259.5,261.8,257.5,260.2,259.95,259.75,741946,192723717.85,25378,402152,54.2,11,2018,352.8849994639125,0.0013482280431431626,Slight or No change
377,INFRATEL,EQ,20-Nov-2018,259.95,260.0,261.25,257.9,259.3,260.3,259.81,1005059,261123249.3,42665,533146,53.05,11,2018,352.8143660914978,0.0013464127716869,Slight or No change
378,INFRATEL,EQ,21-Nov-2018,260.3,259.05,260.55,256.45,258.35,258.85,259.14,1328745,344324733.3,33238,754115,56.75,11,2018,352.7196890279917,-0.005570495582020718,Slight or No change
379,INFRATEL,EQ,22-Nov-2018,258.85,258.7,263.5,244.1,258.2,258.1,255.84,2857031,730939693.7,47462,1034079,36.19,11,2018,352.5151404126661,-0.002897430944562518,Slight or No change
380,INFRATEL,EQ,26-Nov-2018,258.1,259.0,268.55,258.3,263.0,262.75,262.24,3138480,823026680.8,75097,2135016,68.03,11,2018,352.3024749168147,0.018016272762495067,Slight or No change
381,INFRATEL,EQ,27-Nov-2018,262.75,262.0,268.25,259.15,264.05,264.15,264.78,2270520,601190554.3,56936,1495964,65.89,11,2018,352.15164549104384,0.005328258801141628,Slight or No change
382,INFRATEL,EQ,28-Nov-2018,264.15,266.0,266.3,257.6,259.4,259.65,260.17,1726167,449097634.7,64504,826223,47.86,11,2018,352.03147607715914,-0.017035775127768327,Slight or No change
383,INFRATEL,EQ,29-Nov-2018,259.65,260.85,266.5,254.25,264.5,265.45,261.35,1424071,372180360.7,30498,625452,43.92,11,2018,351.9387817626246,0.022337762372424352,Slight or No change
384,INFRATEL,EQ,30-Nov-2018,265.45,262.6,265.95,255.3,255.95,256.75,257.97,3389542,874386822.65,67712,2032644,59.97,11,2018,351.6968360192571,-0.03277453381051043,Slight or No change
385,INFRATEL,EQ,03-Dec-2018,256.75,257.0,259.95,253.95,255.7,256.0,256.65,2081914,534326941.4,52674,1090805,52.39,12,2018,351.547668565152,-0.0029211295034079487,Slight or No change
386,INFRATEL,EQ,04-Dec-2018,256.0,255.7,257.0,252.5,254.7,254.85,254.8,4028606,1026483040.8,24226,3411856,84.69,12,2018,351.25688052633575,-0.004492187500000022,Slight or No change
387,INFRATEL,EQ,05-Dec-2018,254.85,255.0,259.4,253.35,258.0,258.35,257.57,1194976,307795110.6,22378,254352,21.29,12,2018,351.17408143260576,0.013733568765940785,Slight or No change
388,INFRATEL,EQ,06-Dec-2018,258.35,255.75,257.8,253.55,255.55,255.65,255.65,648790,165863805.3,30436,270191,41.65,12,2018,351.12788319042454,-0.010450938649119501,Slight or No change
389,INFRATEL,EQ,07-Dec-2018,255.65,254.0,256.95,251.55,252.6,252.85,253.94,721812,183295877.3,38106,361535,50.09,12,2018,351.0750320077027,-0.010952474085664021,Slight or No change
390,INFRATEL,EQ,10-Dec-2018,252.85,251.7,251.7,246.25,250.45,250.35,249.97,1896394,474042698.1,17104,1219450,64.3,12,2018,350.93292102734574,-0.009887284951552333,Slight or No change
391,INFRATEL,EQ,11-Dec-2018,250.35,247.7,257.25,246.0,252.0,253.15,251.38,924469,232389521.8,19593,320220,34.64,12,2018,350.8657134239885,0.011184341921310237,Slight or No change
392,INFRATEL,EQ,12-Dec-2018,253.15,253.9,256.3,250.0,251.2,250.7,251.99,1909161,481093619.45,52287,1017342,53.29,12,2018,350.72373946583144,-0.009678056488248155,Slight or No change
393,INFRATEL,EQ,13-Dec-2018,250.7,251.2,252.45,248.35,249.5,249.2,249.48,2790047,696055362.25,36226,2188291,78.43,12,2018,350.5138805055292,-0.005983246908655815,Slight or No change
394,INFRATEL,EQ,14-Dec-2018,249.2,249.0,252.9,247.25,252.3,252.05,250.07,1818267,454687747.5,62109,1011137,55.61,12,2018,350.38141635975205,0.011436597110754398,Slight or No change
395,INFRATEL,EQ,17-Dec-2018,252.05,252.3,255.85,249.25,255.2,254.95,252.4,1419070,358173366.45,30908,731714,51.56,12,2018,350.2813234809727,0.01150565364015077,Slight or No change
396,INFRATEL,EQ,18-Dec-2018,254.95,253.05,257.3,252.7,255.05,254.6,254.92,1171801,298716332.75,22335,666996,56.92,12,2018,350.19852677561624,-0.0013728181996469635,Slight or No change
397,INFRATEL,EQ,19-Dec-2018,254.6,255.0,267.1,254.55,262.4,263.45,261.9,2570544,673227207.35,89186,1570629,61.1,12,2018,350.0341669988808,0.03476040848389639,Slight or No change
398,INFRATEL,EQ,20-Dec-2018,263.45,262.0,263.95,257.95,262.0,262.0,261.92,1137215,297863505.35,23939,597929,52.58,12,2018,349.9604379968928,-0.005503890681343715,Slight or No change
399,INFRATEL,EQ,21-Dec-2018,262.0,263.8,265.0,247.45,261.3,259.85,257.13,6508796,1673576061.8,74090,2362654,36.3,12,2018,349.5305617026746,-0.008206106870228935,Slight or No change
400,INFRATEL,EQ,24-Dec-2018,259.85,262.0,271.15,256.0,264.9,262.55,263.18,3202904,842939163.5,42376,698493,21.81,12,2018,349.3268502059156,0.0103906099672888,Slight or No change
401,INFRATEL,EQ,26-Dec-2018,262.55,259.95,265.0,258.25,262.9,262.6,261.18,1282658,335009888.9,13168,99194,7.73,12,2018,349.2455846107201,0.00019043991620648626,Slight or No change
402,INFRATEL,EQ,27-Dec-2018,262.6,262.6,269.2,261.5,268.0,266.8,265.85,1209883,321644949.2,16379,473178,39.11,12,2018,349.1727782436278,0.015993907083015957,Slight or No change
403,INFRATEL,EQ,28-Dec-2018,266.8,269.05,269.75,262.0,262.65,263.0,265.05,1745967,462765392.7,27917,919614,52.67,12,2018,349.0631022412486,-0.014242878560719707,Slight or No change
404,INFRATEL,EQ,31-Dec-2018,263.0,262.65,265.0,257.2,258.9,259.0,260.05,1577464,410224028.3,27428,402023,25.49,12,2018,348.95965647247647,-0.01520912547528519,Slight or No change
405,INFRATEL,EQ,01-Jan-2019,259.0,259.95,263.5,257.8,263.0,262.25,260.14,799064,207869064.05,8246,99682,12.47,1,2019,348.9092364777748,0.012548262548262468,Slight or No change
406,INFRATEL,EQ,02-Jan-2019,262.25,261.95,266.0,258.7,265.2,264.25,263.27,1115095,293575057.4,20392,236821,21.24,1,2019,348.84059482809727,0.007626310772163913,Slight or No change
407,INFRATEL,EQ,03-Jan-2019,264.25,265.0,273.4,263.6,273.0,271.6,269.53,2888878,778650705.6,53787,902349,31.24,1,2019,348.6786880568377,0.027814569536424028,Slight or No change
408,INFRATEL,EQ,04-Jan-2019,271.6,273.0,288.5,272.0,287.0,285.05,280.64,6714533,1884369696.95,73306,1459208,21.73,1,2019,348.3701929759646,0.049521354933726114,Slight or No change
409,INFRATEL,EQ,07-Jan-2019,285.05,287.5,295.15,285.1,292.8,293.75,291.05,5453037,1587120318.9,64974,2485896,45.59,1,2019,348.1559707782574,0.030520961234871136,Slight or No change
410,INFRATEL,EQ,08-Jan-2019,293.75,292.7,300.4,290.0,297.15,297.95,295.72,4648636,1374671933.95,90923,1309600,28.17,1,2019,347.98866764506624,0.014297872340425455,Slight or No change
411,INFRATEL,EQ,09-Jan-2019,297.95,299.9,299.9,289.25,291.25,290.35,291.82,3188173,930374374.05,63167,1127996,35.38,1,2019,347.8572397457489,-0.025507635509313564,Slight or No change
412,INFRATEL,EQ,10-Jan-2019,290.35,290.1,290.4,281.6,285.0,285.05,285.16,3672383,1047221199.7,104774,1710330,46.57,1,2019,347.6927077960102,-0.018253831582572766,Slight or No change
413,INFRATEL,EQ,11-Jan-2019,285.05,285.1,286.1,276.15,276.6,277.2,280.29,3840134,1076342339.25,108714,2062180,53.7,1,2019,347.50013492456964,-0.02753902824065957,Slight or No change
414,INFRATEL,EQ,14-Jan-2019,277.2,276.7,282.8,274.35,280.15,280.1,281.08,6223594,1749343429.85,94478,4154904,66.76,1,2019,347.2030449374963,0.010461760461760505,Slight or No change
415,INFRATEL,EQ,15-Jan-2019,280.1,280.15,283.75,277.65,280.0,279.75,279.63,2487680,695642156.55,64634,1370709,55.1,1,2019,347.0844086465334,-0.001249553730810482,Slight or No change
416,INFRATEL,EQ,16-Jan-2019,279.75,280.0,284.4,274.5,276.85,275.85,278.36,3605390,1003613790.5,94117,2113105,58.61,1,2019,346.9032921779088,-0.013941018766755908,Slight or No change
417,INFRATEL,EQ,17-Jan-2019,275.85,278.5,282.35,276.4,280.75,280.45,280.74,3729858,1047131302.8,84078,1259643,33.77,1,2019,346.72895747928544,0.016675729563168318,Slight or No change
418,INFRATEL,EQ,18-Jan-2019,280.45,280.65,283.4,277.0,277.6,278.05,280.63,3096388,868942647.15,102633,1989287,64.25,1,2019,346.57970921102816,-0.008557675164913459,Slight or No change
419,INFRATEL,EQ,21-Jan-2019,278.05,278.05,279.85,270.65,279.6,277.8,275.41,2421296,666850640.6,66968,906807,37.45,1,2019,346.46302796269265,-0.0008991188635137926,Slight or No change
420,INFRATEL,EQ,22-Jan-2019,277.8,278.75,280.7,274.5,277.95,277.65,278.57,2194405,611287793.2,52812,1010714,46.06,1,2019,346.35739168417854,-0.0005399568034558655,Slight or No change
421,INFRATEL,EQ,23-Jan-2019,277.65,278.0,281.4,274.8,279.75,277.0,279.54,4888651,1366570832.85,67991,3202511,65.51,1,2019,346.1210040725413,-0.002341076895371774,Slight or No change
422,INFRATEL,EQ,24-Jan-2019,277.0,282.0,283.15,261.2,262.1,263.0,269.82,11122963,3001222800.95,102247,2634439,23.68,1,2019,345.4813879837024,-0.05054151624548742,Slight or No change
423,INFRATEL,EQ,25-Jan-2019,263.0,264.6,282.45,264.1,280.0,279.75,275.72,11828569,3261416838.9,150504,3840930,32.47,1,2019,344.94786432383654,0.06368821292775673,Slight or No change
424,INFRATEL,EQ,28-Jan-2019,279.75,283.7,293.85,277.05,286.45,287.3,286.06,8309902,2377137622.65,197541,3714894,44.7,1,2019,344.6210068758113,0.026988382484361084,Slight or No change
425,INFRATEL,EQ,29-Jan-2019,287.3,284.95,298.9,283.4,298.0,297.35,293.31,6402177,1877806545.75,175209,2791456,43.6,1,2019,344.4154136420515,0.034980856247824654,Slight or No change
426,INFRATEL,EQ,30-Jan-2019,297.35,296.25,299.6,286.05,289.95,290.3,292.36,6293196,1839852270.3,166123,2345328,37.27,1,2019,344.1850437147315,-0.023709433327728346,Slight or No change
427,INFRATEL,EQ,31-Jan-2019,290.3,290.0,296.4,285.0,296.0,292.25,290.77,4762254,1384737780.95,110133,3024224,63.5,1,2019,344.0182768325497,0.006717189114708866,Slight or No change
428,INFRATEL,EQ,01-Feb-2019,292.25,296.0,298.0,290.85,296.2,296.2,295.39,2258242,667067334.85,71602,963139,42.65,2,2019,343.9455758352392,0.013515825491873468,Slight or No change
429,INFRATEL,EQ,04-Feb-2019,296.2,292.25,297.8,287.5,296.6,295.05,294.12,2318471,681903341.9,101018,1243134,53.62,2,2019,343.86937322750543,-0.0038825118163402506,Slight or No change
430,INFRATEL,EQ,05-Feb-2019,295.05,295.0,295.0,286.45,290.25,288.9,289.88,3538939,1025871619.3,100472,1571740,44.41,2,2019,343.73891827923813,-0.020843924758515597,Slight or No change
431,INFRATEL,EQ,06-Feb-2019,288.9,290.0,298.0,288.8,297.9,296.35,293.15,2707550,793725525.9,69774,1131803,41.8,2,2019,343.6530303476266,0.025787469712703626,Slight or No change
432,INFRATEL,EQ,07-Feb-2019,296.35,293.6,308.5,290.65,304.7,305.85,302.49,3137895,949192718.5,42848,665200,21.2,2,2019,343.57379250954295,0.03205668972498743,Slight or No change
433,INFRATEL,EQ,08-Feb-2019,305.85,302.05,335.0,302.05,328.95,326.05,320.14,11194181,3583727810.75,144217,3044144,27.19,2,2019,343.4437298468043,0.06604544711459859,Slight or No change
434,INFRATEL,EQ,11-Feb-2019,326.05,326.0,329.0,320.0,325.0,323.5,324.12,3081552,998781869.45,55571,745349,24.19,2,2019,343.4030647630841,-0.007820886367121638,Slight or No change
435,INFRATEL,EQ,12-Feb-2019,323.5,323.0,324.4,310.65,312.7,312.85,314.26,3518639,1105752329.3,47197,1193749,33.93,2,2019,343.3320963113964,-0.03292117465224109,Slight or No change
436,INFRATEL,EQ,13-Feb-2019,312.85,314.15,315.0,302.8,305.5,304.3,305.76,2930960,896175197.9,51944,1019282,34.78,2,2019,343.256721172377,-0.027329391081988175,Slight or No change
437,INFRATEL,EQ,14-Feb-2019,304.3,304.0,304.0,293.5,297.6,297.2,296.61,2912616,863924067.3,51786,952465,32.7,2,2019,343.1685066708554,-0.02333223792310224,Slight or No change
438,INFRATEL,EQ,15-Feb-2019,297.2,299.2,310.45,291.95,304.45,306.9,303.42,4992264,1514736156.35,69102,1197325,23.98,2,2019,343.04982940498115,0.03263795423956917,Slight or No change
439,INFRATEL,EQ,18-Feb-2019,306.9,306.7,319.25,304.7,316.5,317.05,316.13,6443621,2037011354.7,65849,1726015,26.79,2,2019,342.94048150916984,0.033072662104920214,Slight or No change
440,INFRATEL,EQ,19-Feb-2019,317.05,315.0,324.85,315.0,319.4,318.45,320.97,6184870,1985154929.05,58077,1817301,29.38,2,2019,342.8420150776579,0.004415707301687277,Slight or No change
441,INFRATEL,EQ,20-Feb-2019,318.45,319.0,322.9,313.65,319.0,318.2,317.47,2478600,786891830.25,32745,469539,18.94,2,2019,342.80237415412245,-0.0007850525985241275,Slight or No change
442,INFRATEL,EQ,21-Feb-2019,318.2,317.6,318.0,306.3,312.25,312.55,309.64,3996262,1237402226.65,57082,581030,14.54,2,2019,342.7241124037743,-0.017756128221244394,Slight or No change
443,INFRATEL,EQ,22-Feb-2019,312.55,311.45,321.8,309.0,313.45,313.6,316.28,3970353,1255734455.8,48597,894955,22.54,2,2019,342.64944979290146,0.0033594624860022737,Slight or No change
444,INFRATEL,EQ,25-Feb-2019,313.6,313.6,313.8,302.45,304.0,303.95,305.67,3480643,1063913444.2,45369,1279195,36.75,2,2019,342.5626715833426,-0.030771683673469497,Slight or No change
445,INFRATEL,EQ,26-Feb-2019,303.95,304.0,310.5,300.15,306.5,308.0,305.69,5880043,1797489197.4,55116,1964058,33.4,2,2019,342.4322371796954,0.013324559960519844,Slight or No change
446,INFRATEL,EQ,27-Feb-2019,308.0,308.95,309.0,294.8,296.5,296.75,300.79,4142722,1246107725.95,67770,1544186,37.27,2,2019,342.3110980850645,-0.03652597402597402,Slight or No change
447,INFRATEL,EQ,28-Feb-2019,296.75,298.0,298.85,291.5,293.6,293.65,294.49,3914334,1152715376.3,53717,1839514,46.99,2,2019,342.18947832197017,-0.010446503791070039,Slight or No change
448,INFRATEL,EQ,01-Mar-2019,293.65,297.65,297.65,292.0,292.8,293.25,295.1,2121450,626031928.2,43015,962555,45.37,3,2019,342.12327670066384,-0.0013621658436914208,Slight or No change
449,INFRATEL,EQ,05-Mar-2019,293.25,295.0,297.0,291.6,295.55,296.15,294.93,2215719,653476024.0,33684,1056722,47.69,3,2019,342.0584157250059,0.009889173060528389,Slight or No change
450,INFRATEL,EQ,06-Mar-2019,296.15,296.95,306.5,295.35,302.25,302.55,303.56,4205863,1276739407.4,60052,1506518,35.82,3,2019,341.9528928618472,0.021610670268445098,Slight or No change
451,INFRATEL,EQ,07-Mar-2019,302.55,305.9,309.5,304.45,305.55,305.65,306.69,2653768,813876717.5,45691,854872,32.21,3,2019,341.89181627816674,0.010246240290860964,Slight or No change
452,INFRATEL,EQ,08-Mar-2019,305.65,304.8,310.0,304.05,305.8,305.5,306.61,2175387,666987667.8,32065,857975,39.44,3,2019,341.84169613860627,-0.0004907574022574579,Slight or No change
453,INFRATEL,EQ,11-Mar-2019,305.5,306.6,322.0,305.95,319.05,319.7,316.15,4166219,1317160868.2,41288,1586379,38.08,3,2019,341.7834481420541,0.04648117839607191,Slight or No change
454,INFRATEL,EQ,12-Mar-2019,319.7,319.5,322.7,309.0,316.0,316.35,316.37,5298735,1676360953.6,53123,1469631,27.74,3,2019,341.6986366279194,-0.010478573662808799,Slight or No change
455,INFRATEL,EQ,13-Mar-2019,316.35,320.4,321.0,311.05,312.95,313.15,314.78,2238504,704627535.55,26431,399062,17.83,3,2019,341.65847519155665,-0.010115378536431296,Slight or No change
456,INFRATEL,EQ,14-Mar-2019,313.15,314.0,318.0,312.0,314.15,314.35,315.14,1873621,590449471.25,33651,784606,41.88,3,2019,341.62635825449905,0.0038320293788920434,Slight or No change
457,INFRATEL,EQ,15-Mar-2019,314.35,316.0,320.0,311.25,312.55,313.2,313.53,2880482,903131426.25,42536,1590956,55.23,3,2019,341.575053598493,-0.0036583426117385853,Slight or No change
458,INFRATEL,EQ,18-Mar-2019,313.2,317.0,321.6,310.85,317.0,318.1,316.53,2868948,908095923.0,46441,804696,28.05,3,2019,341.5329305618821,0.015644955300127883,Slight or No change
459,INFRATEL,EQ,19-Mar-2019,318.1,320.0,331.8,314.15,327.0,327.6,327.75,10223121,3350653038.6,88368,4440466,43.44,3,2019,341.4444091506088,0.02986482238289856,Slight or No change
460,INFRATEL,EQ,20-Mar-2019,327.6,328.3,333.45,322.25,325.1,325.05,327.76,3756179,1231126881.55,53213,885378,23.57,3,2019,341.4062277562034,-0.007783882783882867,Slight or No change
461,INFRATEL,EQ,22-Mar-2019,325.05,325.1,329.25,313.9,315.3,316.1,319.16,3378667,1078328553.1,46967,1237533,36.63,3,2019,341.35332555988225,-0.027534225503768606,Slight or No change
462,INFRATEL,EQ,25-Mar-2019,316.1,314.55,314.55,304.75,304.95,306.6,308.88,2436411,752552992.05,27479,1038545,42.63,3,2019,341.30101448744,-0.03005378044922491,Slight or No change
463,INFRATEL,EQ,26-Mar-2019,306.6,305.2,314.0,305.2,313.7,312.85,310.83,2393663,744011448.5,45794,1047317,43.75,3,2019,341.2590032275221,0.020384866275277247,Slight or No change
464,INFRATEL,EQ,27-Mar-2019,312.85,316.9,318.5,311.1,317.0,316.2,315.81,2831679,894263476.55,40560,1293283,45.67,3,2019,341.2153059096491,0.010708007032123934,Slight or No change
465,INFRATEL,EQ,28-Mar-2019,316.2,317.45,319.65,313.45,316.0,317.1,317.08,1752675,555731032.5,35195,836330,47.72,3,2019,341.18930595153614,0.002846299810246755,Slight or No change
466,INFRATEL,EQ,29-Mar-2019,317.1,317.5,319.15,310.85,312.6,313.4,313.64,1743099,546712874.15,33996,545051,31.27,3,2019,341.1595404772321,-0.011668243456323113,Slight or No change
467,INFRATEL,EQ,01-Apr-2019,313.4,314.95,317.6,311.5,313.85,314.25,313.85,1556091,488373497.0,46984,562431,36.14,4,2019,341.1338341961211,0.0027121888959795726,Slight or No change
468,INFRATEL,EQ,02-Apr-2019,314.25,314.45,318.1,312.15,314.05,315.0,314.97,1660087,522874552.7,28684,618101,37.23,4,2019,341.10722758367376,0.0023866348448686736,Slight or No change
469,INFRATEL,EQ,03-Apr-2019,315.0,314.5,320.0,314.15,317.0,317.25,317.1,1971729,625240696.2,22026,850460,43.13,4,2019,341.0784139544148,0.0071428571428571175,Slight or No change
470,INFRATEL,EQ,04-Apr-2019,317.25,318.5,319.75,314.7,316.2,316.65,316.76,1339901,424432087.05,20584,616134,45.98,4,2019,341.05838111759556,-0.001891252955082856,Slight or No change
471,INFRATEL,EQ,05-Apr-2019,316.65,316.65,320.0,314.4,316.6,316.8,317.07,1034427,327989081.25,12743,368035,35.58,4,2019,341.04303278266127,0.000473709142586598,Slight or No change
472,INFRATEL,EQ,08-Apr-2019,316.8,317.95,318.7,313.7,317.2,316.1,316.36,1035460,327575983.8,21364,414562,40.04,4,2019,341.0272455058813,-0.0022095959595959114,Slight or No change
473,INFRATEL,EQ,09-Apr-2019,316.1,316.1,318.5,312.5,315.05,315.2,314.88,777799,244909562.25,23816,271676,34.93,4,2019,341.0149721400341,-0.002847200253084603,Slight or No change
474,INFRATEL,EQ,10-Apr-2019,315.2,315.1,318.2,313.65,315.75,315.3,316.1,1404102,443838961.0,31822,775639,55.24,4,2019,340.9929311793321,0.00031725888324873885,Slight or No change
475,INFRATEL,EQ,11-Apr-2019,315.3,315.35,317.0,311.05,314.0,313.35,314.5,1316742,414120358.35,29631,625947,47.54,4,2019,340.9707297139434,-0.00618458610846806,Slight or No change
476,INFRATEL,EQ,12-Apr-2019,313.35,314.0,317.35,313.0,314.45,314.65,315.27,777930,245256339.35,29889,327314,42.07,4,2019,340.95824641759486,0.004148715493856647,Slight or No change
477,INFRATEL,EQ,15-Apr-2019,314.65,314.5,316.5,307.3,309.4,308.45,311.37,1493320,464981913.0,26567,498381,33.37,4,2019,340.9286770492198,-0.019704433497536922,Slight or No change
478,INFRATEL,EQ,16-Apr-2019,308.45,310.95,316.9,309.4,312.75,312.95,314.24,2057364,646505063.05,44808,660367,32.1,4,2019,340.89365915435064,0.014589074404279367,Slight or No change
479,INFRATEL,EQ,18-Apr-2019,312.95,312.95,314.45,303.25,306.0,307.2,306.63,2227796,683101604.85,27258,578932,25.99,4,2019,340.8480568140161,-0.018373542099376916,Slight or No change
480,INFRATEL,EQ,22-Apr-2019,307.2,306.8,310.85,295.55,299.0,299.6,302.03,1606392,485185449.9,22777,337306,21.0,4,2019,340.80784117915323,-0.02473958333333326,Slight or No change
481,INFRATEL,EQ,23-Apr-2019,299.6,301.0,303.65,292.55,298.0,294.0,296.97,1532866,455220013.7,28285,341382,22.27,4,2019,340.76433420802965,-0.018691588785046842,Slight or No change
482,INFRATEL,EQ,24-Apr-2019,294.0,297.0,303.5,291.0,301.0,301.5,298.06,2572361,766717856.1,37887,781457,30.38,4,2019,340.70318521389004,0.025510204081632626,Slight or No change
483,INFRATEL,EQ,25-Apr-2019,301.5,287.35,298.0,265.65,272.5,270.7,278.71,24061163,6706040843.5,180731,6077265,25.26,4,2019,339.6980771290863,-0.10215588723051416,Slight or No change
484,INFRATEL,EQ,26-Apr-2019,270.7,273.0,278.0,271.35,273.0,272.9,274.58,8713787,2392620981.6,95898,3410481,39.14,4,2019,339.35253829456997,0.00812707794606582,Slight or No change
485,INFRATEL,EQ,30-Apr-2019,272.9,273.7,278.9,256.5,262.55,262.55,262.97,9291803,2443455450.55,76896,5170144,55.64,4,2019,338.93121784832925,-0.03792598021253191,Slight or No change
486,INFRATEL,EQ,02-May-2019,262.55,262.55,272.4,262.55,272.0,270.85,270.08,5510874,1488349409.5,79237,2464269,44.72,5,2019,338.7104305624616,0.0316130260902685,Slight or No change
487,INFRATEL,EQ,03-May-2019,270.85,272.55,278.55,272.1,273.75,274.0,275.93,4234052,1168309326.3,61606,1434583,33.88,5,2019,338.5495972569777,0.011630053535166995,Slight or No change
488,INFRATEL,EQ,06-May-2019,274.0,273.0,273.5,268.3,272.25,271.85,270.47,2351319,635966504.4,39964,1048140,44.58,5,2019,338.45766217769784,-0.007846715328467035,Slight or No change
489,INFRATEL,EQ,07-May-2019,271.85,266.9,270.8,265.75,268.0,268.0,267.98,2972102,796470629.15,52992,1391563,46.82,5,2019,338.3351208903887,-0.014162221813500131,Slight or No change
490,INFRATEL,EQ,08-May-2019,268.0,268.0,270.3,263.65,267.55,266.7,267.35,2225529,594986130.85,51482,1075978,48.35,5,2019,338.2419490819654,-0.00485074626865678,Slight or No change
491,INFRATEL,EQ,09-May-2019,266.7,266.95,269.7,261.5,268.0,267.1,263.92,3520232,929067346.45,56601,2051103,58.27,5,2019,338.09588959831206,0.0014998125234346737,Slight or No change
492,INFRATEL,EQ,10-May-2019,267.1,266.3,267.0,260.75,261.75,262.25,262.76,2270319,596555421.05,48630,983657,43.33,5,2019,337.99559512986565,-0.018157993260951022,Slight or No change
493,INFRATEL,EQ,13-May-2019,262.25,261.45,269.15,259.6,265.5,265.45,266.46,3369566,897847080.25,49631,1103984,32.76,5,2019,337.8534959565338,0.012202097235462395,Slight or No change
